+220.000E-06,-20.100502E-03,+4.266332E-03
+221.000E-06,-32.663316E-03,+3.512563E-03
+222.000E-06,-32.663316E-03,+1.000000E-03
+223.000E-06,-26.381909E-03,+1.000000E-03
+224.000E-06,-20.100502E-03,+1.502513E-03
+225.000E-06,-26.381909E-03,+5.020101E-03
+226.000E-06,-20.100502E-03,+1.000000E-03
+227.000E-06,-26.381909E-03,+3.512563E-03
+228.000E-06,-20.100502E-03,+1.000000E-03
+229.000E-06,-20.100502E-03,+2.256281E-03
+230.000E-06,-20.100502E-03,+5.020101E-03
+231.000E-06,-32.663316E-03,+2.256281E-03
+232.000E-06,-22.613065E-03,+4.266332E-03
+233.000E-06,-20.100502E-03,+5.020101E-03
+234.000E-06,-20.100502E-03,+13.060301E-03
+235.000E-06,-20.100502E-03,+11.552764E-03
+236.000E-06,-2.512563E-03,+9.040201E-03
+237.000E-06,+0.0E+00,+7.532663E-03
+238.000E-06,-2.512563E-03,+5.020101E-03
+239.000E-06,-6.281407E-03,+6.276382E-03
+240.000E-06,-20.100502E-03,-2.266332E-03
+241.000E-06,-20.100502E-03,-3.020100E-03
+242.000E-06,-16.331658E-03,+1.502513E-03
+243.000E-06,-6.281407E-03,-3.020100E-03
+244.000E-06,+0.0E+00,-7.040201E-03
+245.000E-06,-12.562814E-03,-4.276382E-03
+246.000E-06,-20.100502E-03,-6.286432E-03
+247.000E-06,-20.100502E-03,-20.356784E-03
+248.000E-06,-40.201005E-03,-30.407035E-03
+249.000E-06,-12.562814E-03,-23.120603E-03
+250.000E-06,-20.100502E-03,-19.100502E-03
+251.000E-06,-12.562814E-03,-29.653266E-03
+252.000E-06,-20.100502E-03,-43.221105E-03
+253.000E-06,-12.562814E-03,-36.437185E-03
+254.000E-06,-2.512563E-03,-43.221105E-03
+255.000E-06,-12.562814E-03,-19.100502E-03
+256.000E-06,-6.281407E-03,-39.201005E-03
+257.000E-06,-6.281407E-03,-52.517587E-03
+258.000E-06,-16.331658E-03,-71.361808E-03
+259.000E-06,+12.562814E-03,-67.341708E-03
+260.000E-06,-20.100502E-03,-51.261306E-03
+261.000E-06,+0.0E+00,-56.537688E-03
+262.000E-06,+0.0E+00,-59.804019E-03
+263.000E-06,+0.0E+00,-75.381909E-03
+264.000E-06,+20.100502E-03,-83.422110E-03
+265.000E-06,+0.0E+00,-91.462311E-03
+266.000E-06,+16.331658E-03,-94.728642E-03
+267.000E-06,+12.562814E-03,-97.994974E-03
+268.000E-06,+20.100502E-03,-91.964823E-03
+269.000E-06,+0.0E+00,-107.542712E-03
+270.000E-06,+20.100502E-03,-100.005024E-03
+271.000E-06,+0.0E+00,-107.542712E-03
+272.000E-06,+0.0E+00,-118.849245E-03
+273.000E-06,+20.100502E-03,-123.623114E-03
+274.000E-06,+2.512563E-03,-119.603014E-03
+275.000E-06,+12.562814E-03,-119.603014E-03
+276.000E-06,+28.894472E-03,-127.643215E-03
+277.000E-06,+12.562814E-03,-122.115577E-03
+278.000E-06,+22.613065E-03,-135.683416E-03
+279.000E-06,+20.100502E-03,-135.683416E-03
+280.000E-06,+36.432160E-03,-139.703516E-03
+281.000E-06,+40.201005E-03,-135.683416E-03
+282.000E-06,+22.613065E-03,-137.693466E-03
+283.000E-06,+40.201005E-03,-143.723616E-03
+284.000E-06,+56.532663E-03,-136.185928E-03
+285.000E-06,+60.301507E-03,-135.683416E-03
+286.000E-06,+56.532663E-03,-135.683416E-03
+287.000E-06,+46.482412E-03,-139.703516E-03
+288.000E-06,+42.713567E-03,-134.929647E-03
+289.000E-06,+26.381909E-03,-151.763817E-03
+290.000E-06,+40.201005E-03,-148.246230E-03
+291.000E-06,+40.201005E-03,-154.276380E-03
+292.000E-06,+42.713567E-03,-143.723616E-03
+293.000E-06,+66.582914E-03,-138.195978E-03
+294.000E-06,+60.301507E-03,-134.929647E-03
+295.000E-06,+60.301507E-03,-144.979898E-03
+296.000E-06,+80.402009E-03,-136.185928E-03
+297.000E-06,+46.482412E-03,-138.195978E-03
+298.000E-06,+80.402009E-03,-151.010049E-03
+299.000E-06,+80.402009E-03,-135.683416E-03
+300.000E-06,+60.301507E-03,-131.663315E-03
+301.000E-06,+66.582914E-03,-139.703516E-03
+302.000E-06,+42.713567E-03,-134.929647E-03
+303.000E-06,+60.301507E-03,-123.623114E-03
+304.000E-06,+40.201005E-03,-119.603014E-03
+305.000E-06,+66.582914E-03,-111.562813E-03
+306.000E-06,+42.713567E-03,-114.075376E-03
+307.000E-06,+66.582914E-03,-127.643215E-03
+308.000E-06,+62.814070E-03,-122.869345E-03
+309.000E-06,+46.482412E-03,-102.015074E-03
+310.000E-06,+22.613065E-03,-102.768843E-03
+311.000E-06,+26.381909E-03,-99.502511E-03
+312.000E-06,+40.201005E-03,-91.462311E-03
+313.000E-06,+20.100502E-03,-85.934672E-03
+314.000E-06,+36.432160E-03,-83.422110E-03
+315.000E-06,+20.100502E-03,-77.894471E-03
+316.000E-06,+20.100502E-03,-71.864321E-03
+317.000E-06,+6.281407E-03,-68.597989E-03
+318.000E-06,+2.512563E-03,-55.281406E-03
+319.000E-06,-12.562814E-03,-63.321607E-03
+320.000E-06,-2.512563E-03,-59.804019E-03
+321.000E-06,-32.663316E-03,-47.241205E-03
+322.000E-06,-56.532663E-03,-43.221105E-03
+323.000E-06,-52.763819E-03,-27.140703E-03
+324.000E-06,-40.201005E-03,-23.120603E-03
+325.000E-06,-60.301507E-03,-19.100502E-03
+326.000E-06,-60.301507E-03,-7.040201E-03
+327.000E-06,-66.582914E-03,-11.060301E-03
+328.000E-06,-100.502511E-03,+497.487E-06
+329.000E-06,-106.783918E-03,+13.060301E-03
+330.000E-06,-120.603014E-03,+5.020101E-03
+331.000E-06,-126.884421E-03,+10.296482E-03
+332.000E-06,-160.804018E-03,+20.346734E-03
+333.000E-06,-140.703516E-03,+29.140703E-03
+334.000E-06,-160.804018E-03,+49.241206E-03
+335.000E-06,-167.085425E-03,+41.201005E-03
+336.000E-06,-217.336681E-03,+45.221105E-03
+337.000E-06,-241.206028E-03,+54.517587E-03
+338.000E-06,-253.768842E-03,+69.341708E-03
+339.000E-06,-247.487435E-03,+71.854271E-03
+340.000E-06,-261.306530E-03,+81.402009E-03
+341.000E-06,-261.306530E-03,+77.381909E-03
+342.000E-06,-281.407032E-03,+89.442210E-03
+343.000E-06,-287.688439E-03,+97.482411E-03
+344.000E-06,-321.608037E-03,+104.768843E-03
+345.000E-06,-341.708539E-03,+97.482411E-03
+346.000E-06,-378.140699E-03,+109.542712E-03
+347.000E-06,-381.909544E-03,+116.075376E-03
+348.000E-06,-381.909544E-03,+121.603014E-03
+349.000E-06,-422.110548E-03,+124.115577E-03
+350.000E-06,-442.211051E-03,+130.145727E-03
+351.000E-06,-462.311553E-03,+128.135677E-03
+352.000E-06,-482.412055E-03,+133.663315E-03
+353.000E-06,-502.512557E-03,+133.663315E-03
+354.000E-06,-538.944718E-03,+153.010049E-03
+355.000E-06,-542.713562E-03,+145.723617E-03
+356.000E-06,-579.145722E-03,+137.683416E-03
+357.000E-06,-575.376878E-03,+157.783918E-03
+358.000E-06,-603.015069E-03,+161.050250E-03
+359.000E-06,-609.296476E-03,+157.783918E-03
+360.000E-06,-643.216074E-03,+165.824119E-03
+361.000E-06,-675.879390E-03,+157.783918E-03
+362.000E-06,-719.849239E-03,+161.804018E-03
+363.000E-06,-716.080394E-03,+150.999998E-03
+364.000E-06,-739.949741E-03,+165.070350E-03
+365.000E-06,-756.281399E-03,+157.783918E-03
+366.000E-06,-763.819087E-03,+153.763818E-03
+367.000E-06,-790.200997E-03,+144.216079E-03
+368.000E-06,-824.120594E-03,+144.969848E-03
+369.000E-06,-844.221096E-03,+157.783918E-03
+370.000E-06,-880.653257E-03,+145.723617E-03
+371.000E-06,-870.603006E-03,+141.703516E-03
+372.000E-06,-904.522603E-03,+137.683416E-03
+373.000E-06,-917.085417E-03,+133.663315E-03
+374.000E-06,-940.954764E-03,+137.683416E-03
+375.000E-06,-957.286422E-03,+141.703516E-03
+376.000E-06,-984.924613E-03,+129.643215E-03
+377.000E-06,-1.005025115E+00,+125.623114E-03
+378.000E-06,-1.007537678E+00,+110.045225E-03
+379.000E-06,-1.037688431E+00,+105.522612E-03
+380.000E-06,-1.061557778E+00,+97.482411E-03
+381.000E-06,-1.065326622E+00,+95.974873E-03
+382.000E-06,-1.085427124E+00,+96.728642E-03
+383.000E-06,-1.105527626E+00,+91.954773E-03
+384.000E-06,-1.121859284E+00,+90.698492E-03
+385.000E-06,-1.125628129E+00,+73.361808E-03
+386.000E-06,-1.128140691E+00,+73.361808E-03
+387.000E-06,-1.152010038E+00,+67.834170E-03
+388.000E-06,-1.168341696E+00,+45.221105E-03
+389.000E-06,-1.165829133E+00,+25.120603E-03
+390.000E-06,-1.202261294E+00,+30.396985E-03
+391.000E-06,-1.206030138E+00,+33.160804E-03
+392.000E-06,-1.222361796E+00,+21.603015E-03
+393.000E-06,-1.212311545E+00,+19.592965E-03
+394.000E-06,-1.246231142E+00,+8.286432E-03
+395.000E-06,-1.232412047E+00,-9.552764E-03
+396.000E-06,-1.266331645E+00,-18.346733E-03
+397.000E-06,-1.272613052E+00,-31.160804E-03
+398.000E-06,-1.266331645E+00,-31.663316E-03
+399.000E-06,-1.286432147E+00,-48.497487E-03
+400.000E-06,-1.272613052E+00,-62.567838E-03
+401.000E-06,-1.278894459E+00,-72.618090E-03
+402.000E-06,-1.282663303E+00,-82.668341E-03
+403.000E-06,-1.286432147E+00,-88.698491E-03
+404.000E-06,-1.268844208E+00,-94.728642E-03
+405.000E-06,-1.266331645E+00,-92.718592E-03
+406.000E-06,-1.302763805E+00,-103.522612E-03
+407.000E-06,-1.272613052E+00,-115.582913E-03
+408.000E-06,-1.286432147E+00,-132.165828E-03
+409.000E-06,-1.298994961E+00,-139.703516E-03
+410.000E-06,-1.282663303E+00,-146.989948E-03
+411.000E-06,-1.298994961E+00,-167.844219E-03
+412.000E-06,-1.266331645E+00,-171.864320E-03
+413.000E-06,-1.252512549E+00,-175.884420E-03
+414.000E-06,-1.248743705E+00,-188.447234E-03
+415.000E-06,-1.252512549E+00,-204.025123E-03
+416.000E-06,-1.246231142E+00,-215.331656E-03
+417.000E-06,-1.258793956E+00,-214.577887E-03
+418.000E-06,-1.246231142E+00,-218.597988E-03
+419.000E-06,-1.226130640E+00,-220.105525E-03
+420.000E-06,-1.242462298E+00,-232.165827E-03
+421.000E-06,-1.206030138E+00,-242.718590E-03
+422.000E-06,-1.222361796E+00,-251.512560E-03
+423.000E-06,-1.206030138E+00,-262.819093E-03
+424.000E-06,-1.206030138E+00,-260.306530E-03
+425.000E-06,-1.185929636E+00,-266.839193E-03
+426.000E-06,-1.162060289E+00,-276.889444E-03
+427.000E-06,-1.131909536E+00,-277.643213E-03
+428.000E-06,-1.128140691E+00,-276.386932E-03
+429.000E-06,-1.097989938E+00,-281.663314E-03
+430.000E-06,-1.087939687E+00,-284.929645E-03
+431.000E-06,-1.085427124E+00,-289.703514E-03
+432.000E-06,-1.065326622E+00,-296.487434E-03
+433.000E-06,-1.057788933E+00,-300.507534E-03
+434.000E-06,-1.025125617E+00,-296.487434E-03
+435.000E-06,-1.017587929E+00,-301.763816E-03
+436.000E-06,-1.021356773E+00,-311.814067E-03
+437.000E-06,-971.105517E-03,-308.547735E-03
+438.000E-06,-964.824110E-03,-312.567836E-03
+439.000E-06,-951.005015E-03,-320.608037E-03
+440.000E-06,-940.954764E-03,-308.547735E-03
+441.000E-06,-917.085417E-03,-319.100499E-03
+442.000E-06,-866.834162E-03,-308.547735E-03
+443.000E-06,-884.422101E-03,-304.527635E-03
+444.000E-06,-844.221096E-03,-301.010047E-03
+445.000E-06,-844.221096E-03,-297.743715E-03
+446.000E-06,-804.020092E-03,-308.547735E-03
+447.000E-06,-763.819087E-03,-312.567836E-03
+448.000E-06,-746.231148E-03,-308.547735E-03
+449.000E-06,-763.819087E-03,-298.999997E-03
+450.000E-06,-726.130645E-03,-292.467333E-03
+451.000E-06,-703.517580E-03,-294.979896E-03
+452.000E-06,-663.316576E-03,-292.467333E-03
+453.000E-06,-643.216074E-03,-281.663314E-03
+454.000E-06,-645.728636E-03,-283.673364E-03
+455.000E-06,-609.296476E-03,-280.407032E-03
+456.000E-06,-619.346727E-03,-284.427133E-03
+457.000E-06,-582.914567E-03,-277.643213E-03
+458.000E-06,-545.226125E-03,-264.326630E-03
+459.000E-06,-548.994969E-03,-244.226128E-03
+460.000E-06,-522.613060E-03,-252.768841E-03
+461.000E-06,-508.793964E-03,-240.206028E-03
+462.000E-06,-488.693462E-03,-239.452259E-03
+463.000E-06,-462.311553E-03,-230.658289E-03
+464.000E-06,-442.211051E-03,-216.587937E-03
+465.000E-06,-422.110548E-03,-198.497485E-03
+466.000E-06,-418.341704E-03,-187.944722E-03
+467.000E-06,-388.190951E-03,-195.984922E-03
+468.000E-06,-381.909544E-03,-191.964822E-03
+469.000E-06,-347.989946E-03,-185.180902E-03
+470.000E-06,-337.939695E-03,-172.366832E-03
+471.000E-06,-307.788941E-03,-154.276380E-03
+472.000E-06,-304.020097E-03,-143.723616E-03
+473.000E-06,-281.407032E-03,-139.703516E-03
+474.000E-06,-257.537686E-03,-128.145727E-03
+475.000E-06,-247.487435E-03,-119.603014E-03
+476.000E-06,-261.306530E-03,-126.889446E-03
+477.000E-06,-201.005023E-03,-107.542712E-03
+478.000E-06,-201.005023E-03,-106.788944E-03
+479.000E-06,-180.904521E-03,-97.994974E-03
+480.000E-06,-180.904521E-03,-86.688441E-03
+481.000E-06,-180.904521E-03,-81.914572E-03
+482.000E-06,-140.703516E-03,-67.341708E-03
+483.000E-06,-146.984923E-03,-71.361808E-03
+484.000E-06,-140.703516E-03,-50.507537E-03
+485.000E-06,-106.783918E-03,-39.201005E-03
+486.000E-06,-116.834170E-03,-15.080402E-03
+487.000E-06,-106.783918E-03,-8.296482E-03
+488.000E-06,-100.502511E-03,-7.040201E-03
+489.000E-06,-80.402009E-03,-11.060301E-03
+490.000E-06,-46.482412E-03,-3.020100E-03
+491.000E-06,-52.763819E-03,-3.020100E-03
+492.000E-06,-60.301507E-03,+5.522613E-03
+493.000E-06,-40.201005E-03,+21.100502E-03
+494.000E-06,+0.0E+00,+25.120603E-03
+495.000E-06,-26.381909E-03,+33.160804E-03
+496.000E-06,-10.050251E-03,+45.221105E-03
+497.000E-06,-6.281407E-03,+46.477386E-03
+498.000E-06,-2.512563E-03,+53.261306E-03
+499.000E-06,-12.562814E-03,+62.557788E-03
+500.000E-06,-16.331658E-03,+68.587939E-03
+501.000E-06,-6.281407E-03,+77.381909E-03
+502.000E-06,+2.512563E-03,+73.864321E-03
+503.000E-06,+20.100502E-03,+82.658291E-03
+504.000E-06,+20.100502E-03,+97.482411E-03
+505.000E-06,+32.663316E-03,+113.562813E-03
+506.000E-06,+20.100502E-03,+102.005024E-03
+507.000E-06,+32.663316E-03,+114.819094E-03
+508.000E-06,+20.100502E-03,+121.603014E-03
+509.000E-06,+40.201005E-03,+118.839195E-03
+510.000E-06,+22.613065E-03,+114.819094E-03
+511.000E-06,+46.482412E-03,+125.623114E-03
+512.000E-06,+40.201005E-03,+124.869345E-03
+513.000E-06,+20.100502E-03,+122.859295E-03
+514.000E-06,+36.432160E-03,+121.603014E-03
+515.000E-06,+26.381909E-03,+133.663315E-03
+516.000E-06,+40.201005E-03,+125.623114E-03
+517.000E-06,+40.201005E-03,+134.919597E-03
+518.000E-06,+56.532663E-03,+133.663315E-03
+519.000E-06,+20.100502E-03,+138.939697E-03
+520.000E-06,+40.201005E-03,+148.989948E-03
+521.000E-06,+40.201005E-03,+149.743717E-03
+522.000E-06,+42.713567E-03,+157.030149E-03
+523.000E-06,+26.381909E-03,+152.256280E-03
+524.000E-06,+20.100502E-03,+149.743717E-03
+525.000E-06,+52.763819E-03,+150.999998E-03
+526.000E-06,+20.100502E-03,+141.703516E-03
+527.000E-06,+40.201005E-03,+138.939697E-03
+528.000E-06,+2.512563E-03,+134.165828E-03
+529.000E-06,+20.100502E-03,+133.663315E-03
+530.000E-06,+0.0E+00,+132.909546E-03
+531.000E-06,+0.0E+00,+134.919597E-03
+532.000E-06,+20.100502E-03,+144.969848E-03
+533.000E-06,+12.562814E-03,+140.195978E-03
+534.000E-06,+0.0E+00,+132.909546E-03
+535.000E-06,+20.100502E-03,+125.623114E-03
+536.000E-06,+20.100502E-03,+140.949747E-03
+537.000E-06,+0.0E+00,+124.115577E-03
+538.000E-06,+16.331658E-03,+125.623114E-03
+539.000E-06,+0.0E+00,+117.582913E-03
+540.000E-06,+0.0E+00,+109.542712E-03
+541.000E-06,+20.100502E-03,+97.482411E-03
+542.000E-06,-16.331658E-03,+93.462311E-03
+543.000E-06,-12.562814E-03,+90.698492E-03
+544.000E-06,+0.0E+00,+104.015074E-03
+545.000E-06,-20.100502E-03,+97.482411E-03
+546.000E-06,+0.0E+00,+89.442210E-03
+547.000E-06,+0.0E+00,+89.442210E-03
+548.000E-06,-2.512563E-03,+88.688441E-03
+549.000E-06,-26.381909E-03,+73.361808E-03
+550.000E-06,-20.100502E-03,+61.301507E-03
+551.000E-06,-26.381909E-03,+61.301507E-03
+552.000E-06,-36.432160E-03,+65.321607E-03
+553.000E-06,-40.201005E-03,+69.341708E-03
+554.000E-06,-22.613065E-03,+49.743718E-03
+555.000E-06,-20.100502E-03,+55.773869E-03
+556.000E-06,-2.512563E-03,+33.160804E-03
+557.000E-06,-46.482412E-03,+37.180904E-03
+558.000E-06,-26.381909E-03,+25.120603E-03
+559.000E-06,-52.763819E-03,+29.140703E-03
+560.000E-06,-40.201005E-03,+21.603015E-03
+561.000E-06,-40.201005E-03,+19.592965E-03
+562.000E-06,-40.201005E-03,+8.286432E-03
+563.000E-06,-20.100502E-03,+3.512563E-03
+564.000E-06,-20.100502E-03,-2.266332E-03
+565.000E-06,-40.201005E-03,-3.020100E-03
+566.000E-06,-40.201005E-03,-15.582914E-03
+567.000E-06,-20.100502E-03,-12.316583E-03
+568.000E-06,-20.100502E-03,-30.407035E-03
+569.000E-06,-40.201005E-03,-27.140703E-03
+570.000E-06,-22.613065E-03,-31.160804E-03
+571.000E-06,-40.201005E-03,-35.180904E-03
+572.000E-06,-36.432160E-03,-27.643216E-03
+573.000E-06,-20.100502E-03,-31.160804E-03
+574.000E-06,-22.613065E-03,-43.221105E-03
+575.000E-06,-20.100502E-03,-52.517587E-03
+576.000E-06,-42.713567E-03,-51.261306E-03
+577.000E-06,-32.663316E-03,-55.281406E-03
+578.000E-06,-20.100502E-03,-51.261306E-03
+579.000E-06,-6.281407E-03,-57.793969E-03
+580.000E-06,-16.331658E-03,-51.261306E-03
+581.000E-06,-26.381909E-03,-64.577889E-03
+582.000E-06,-32.663316E-03,-62.567838E-03
+583.000E-06,-32.663316E-03,-59.301507E-03
+584.000E-06,-36.432160E-03,-66.587939E-03
+585.000E-06,+6.281407E-03,-71.361808E-03
+586.000E-06,-16.331658E-03,-70.608039E-03
+587.000E-06,+6.281407E-03,-77.894471E-03
+588.000E-06,-22.613065E-03,-79.402009E-03
+589.000E-06,+0.0E+00,-75.381909E-03
+590.000E-06,+0.0E+00,-83.422110E-03
+591.000E-06,-6.281407E-03,-80.658291E-03
+592.000E-06,-2.512563E-03,-75.381909E-03
+593.000E-06,+0.0E+00,-75.381909E-03
+594.000E-06,+36.432160E-03,-64.577889E-03
+595.000E-06,+6.281407E-03,-79.402009E-03
+596.000E-06,+2.512563E-03,-83.924622E-03
+597.000E-06,-6.281407E-03,-83.422110E-03
+598.000E-06,+2.512563E-03,-79.402009E-03
+599.000E-06,-12.562814E-03,-89.954773E-03
+600.000E-06,+16.331658E-03,-83.422110E-03
+601.000E-06,-6.281407E-03,-75.381909E-03
+602.000E-06,-2.512563E-03,-63.321607E-03
+603.000E-06,+0.0E+00,-69.854271E-03
+604.000E-06,+16.331658E-03,-73.874371E-03
+605.000E-06,+6.281407E-03,-57.793969E-03
+606.000E-06,+16.331658E-03,-63.321607E-03
+607.000E-06,+12.562814E-03,-67.341708E-03
+608.000E-06,+2.512563E-03,-71.864321E-03
+609.000E-06,-6.281407E-03,-76.638190E-03
+610.000E-06,-16.331658E-03,-81.914572E-03
+611.000E-06,+0.0E+00,-67.341708E-03
+612.000E-06,-20.100502E-03,-59.301507E-03
+613.000E-06,+20.100502E-03,-69.854271E-03
+614.000E-06,+0.0E+00,-71.361808E-03
+615.000E-06,+0.0E+00,-61.814070E-03
+616.000E-06,+0.0E+00,-58.547738E-03
+617.000E-06,+0.0E+00,-44.477386E-03
+618.000E-06,+16.331658E-03,-43.723618E-03
+619.000E-06,-6.281407E-03,-47.241205E-03
+620.000E-06,+12.562814E-03,-47.743718E-03
+621.000E-06,+12.562814E-03,-40.457286E-03
+622.000E-06,-2.512563E-03,-39.201005E-03
+623.000E-06,+12.562814E-03,-36.437185E-03
+624.000E-06,-20.100502E-03,-27.643216E-03
+625.000E-06,-12.562814E-03,-37.693467E-03
+626.000E-06,-16.331658E-03,-34.427135E-03
+627.000E-06,-6.281407E-03,-23.120603E-03
+628.000E-06,-20.100502E-03,-22.366834E-03
+629.000E-06,-46.482412E-03,-28.396985E-03
+630.000E-06,-22.613065E-03,-31.663316E-03
+631.000E-06,-32.663316E-03,-33.673366E-03
+632.000E-06,-36.432160E-03,-15.080402E-03
+633.000E-06,-12.562814E-03,-27.140703E-03
+634.000E-06,-36.432160E-03,-19.100502E-03
+635.000E-06,-32.663316E-03,-17.592965E-03
+636.000E-06,-16.331658E-03,-19.603015E-03
+637.000E-06,-40.201005E-03,-11.060301E-03
+638.000E-06,-60.301507E-03,-3.020100E-03
+639.000E-06,-52.763819E-03,-19.100502E-03
+640.000E-06,-40.201005E-03,-15.080402E-03
+641.000E-06,-26.381909E-03,-11.060301E-03
+642.000E-06,-40.201005E-03,+5.522613E-03
+643.000E-06,-46.482412E-03,+1.000000E-03
+644.000E-06,-40.201005E-03,+4.266332E-03
+645.000E-06,-52.763819E-03,+6.276382E-03
+646.000E-06,-72.864321E-03,+9.040201E-03
+647.000E-06,-46.482412E-03,+13.060301E-03
+648.000E-06,-40.201005E-03,+8.286432E-03
+649.000E-06,-40.201005E-03,+19.592965E-03
+650.000E-06,-60.301507E-03,+17.582914E-03
+651.000E-06,-66.582914E-03,+11.552764E-03
+652.000E-06,-46.482412E-03,+13.562814E-03
+653.000E-06,-60.301507E-03,+9.040201E-03
+654.000E-06,-60.301507E-03,+11.552764E-03
+655.000E-06,-60.301507E-03,+13.060301E-03
+656.000E-06,-60.301507E-03,+13.562814E-03
+657.000E-06,-66.582914E-03,+11.552764E-03
+658.000E-06,-76.633165E-03,+5.522613E-03
+659.000E-06,-92.964823E-03,+13.060301E-03
+660.000E-06,-96.733667E-03,+9.542714E-03
+661.000E-06,-80.402009E-03,+13.060301E-03
+662.000E-06,-62.814070E-03,+17.080402E-03
+663.000E-06,-72.864321E-03,+10.296482E-03
+664.000E-06,-96.733667E-03,+21.100502E-03
+665.000E-06,-92.964823E-03,+11.552764E-03
+666.000E-06,-82.914572E-03,+8.286432E-03
+667.000E-06,-86.683416E-03,+18.336683E-03
+668.000E-06,-42.713567E-03,+25.120603E-03
+669.000E-06,-66.582914E-03,+33.160804E-03
+670.000E-06,-60.301507E-03,+25.120603E-03
+671.000E-06,-86.683416E-03,+25.120603E-03
+672.000E-06,-66.582914E-03,+24.366834E-03
+673.000E-06,-80.402009E-03,+17.080402E-03
+674.000E-06,-80.402009E-03,+36.427135E-03
+675.000E-06,-66.582914E-03,+31.653266E-03
+676.000E-06,-76.633165E-03,+13.060301E-03
+677.000E-06,-60.301507E-03,+23.613065E-03
+678.000E-06,-62.814070E-03,+5.020101E-03
+679.000E-06,-60.301507E-03,+14.316583E-03
+680.000E-06,-76.633165E-03,-6.286432E-03
+681.000E-06,-72.864321E-03,+2.256281E-03
+682.000E-06,-100.502511E-03,+13.562814E-03
+683.000E-06,-80.402009E-03,+17.080402E-03
+684.000E-06,-60.301507E-03,+12.306533E-03
+685.000E-06,-80.402009E-03,+5.020101E-03
+686.000E-06,-76.633165E-03,+9.040201E-03
+687.000E-06,-72.864321E-03,+3.512563E-03
+688.000E-06,-80.402009E-03,+9.040201E-03
+689.000E-06,-92.964823E-03,+9.040201E-03
+690.000E-06,-92.964823E-03,+21.100502E-03
+691.000E-06,-80.402009E-03,+7.532663E-03
+692.000E-06,-76.633165E-03,+9.542714E-03
+693.000E-06,-72.864321E-03,+9.040201E-03
+694.000E-06,-92.964823E-03,+8.286432E-03
+695.000E-06,-60.301507E-03,+7.532663E-03
+696.000E-06,-60.301507E-03,-10.306532E-03
+697.000E-06,-46.482412E-03,-7.040201E-03
+698.000E-06,-42.713567E-03,+1.000000E-03
+699.000E-06,-60.301507E-03,-7.040201E-03
+700.000E-06,-40.201005E-03,-11.562814E-03
+701.000E-06,-52.763819E-03,-1.512563E-03
+702.000E-06,-56.532663E-03,-2.266332E-03
+703.000E-06,-46.482412E-03,-16.336683E-03
+704.000E-06,-42.713567E-03,-7.542713E-03
+705.000E-06,-40.201005E-03,-3.020100E-03
+706.000E-06,-36.432160E-03,-7.040201E-03
+707.000E-06,-46.482412E-03,-8.296482E-03
+708.000E-06,-60.301507E-03,-11.060301E-03
+709.000E-06,-40.201005E-03,-12.316583E-03
+710.000E-06,-40.201005E-03,-14.326633E-03
+711.000E-06,-32.663316E-03,-21.613065E-03
+712.000E-06,-40.201005E-03,-19.100502E-03
+713.000E-06,-46.482412E-03,-15.080402E-03
+714.000E-06,-36.432160E-03,-15.080402E-03
+715.000E-06,-40.201005E-03,-7.040201E-03
+716.000E-06,-36.432160E-03,-10.306532E-03
+717.000E-06,-20.100502E-03,-11.060301E-03
+718.000E-06,-20.100502E-03,-15.080402E-03
+719.000E-06,-20.100502E-03,-7.040201E-03
+720.000E-06,-36.432160E-03,-7.040201E-03
+721.000E-06,-32.663316E-03,-9.552764E-03
+722.000E-06,-36.432160E-03,-15.080402E-03
+723.000E-06,-20.100502E-03,-13.572864E-03
+724.000E-06,-36.432160E-03,+1.000000E-03
+725.000E-06,-12.562814E-03,+6.276382E-03
+726.000E-06,-16.331658E-03,+9.040201E-03
+727.000E-06,+0.0E+00,-7.040201E-03
+728.000E-06,+0.0E+00,-6.286432E-03
+729.000E-06,-12.562814E-03,-256.281E-06
+730.000E-06,+0.0E+00,+8.286432E-03
+731.000E-06,-12.562814E-03,-1.512563E-03
+732.000E-06,-20.100502E-03,+1.502513E-03
+733.000E-06,+0.0E+00,-3.020100E-03
+734.000E-06,-16.331658E-03,-11.562814E-03
+735.000E-06,+0.0E+00,-3.020100E-03
+736.000E-06,+0.0E+00,-3.522613E-03
+737.000E-06,-6.281407E-03,-11.060301E-03
+738.000E-06,-12.562814E-03,-11.060301E-03
+739.000E-06,+0.0E+00,-1.512563E-03
+740.000E-06,-20.100502E-03,+497.487E-06
+741.000E-06,+0.0E+00,+1.000000E-03
+742.000E-06,-2.512563E-03,-3.020100E-03
+743.000E-06,-12.562814E-03,+1.000000E-03
+744.000E-06,-20.100502E-03,+5.522613E-03
+745.000E-06,+0.0E+00,+1.000000E-03
+746.000E-06,+0.0E+00,+1.000000E-03
+747.000E-06,+6.281407E-03,-7.040201E-03
+748.000E-06,+0.0E+00,-7.040201E-03
+749.000E-06,+0.0E+00,-15.080402E-03
+750.000E-06,-20.100502E-03,-2.266332E-03
+751.000E-06,-26.381909E-03,+1.000000E-03
+752.000E-06,-20.100502E-03,-3.020100E-03
+753.000E-06,+0.0E+00,-9.552764E-03
+754.000E-06,-12.562814E-03,+1.000000E-03
+755.000E-06,+6.281407E-03,-3.020100E-03
+756.000E-06,+0.0E+00,+5.020101E-03
+757.000E-06,-6.281407E-03,+1.000000E-03
+758.000E-06,+0.0E+00,+1.502513E-03
+759.000E-06,+0.0E+00,-3.020100E-03
+760.000E-06,-20.100502E-03,-1.512563E-03
+761.000E-06,-20.100502E-03,-3.020100E-03
+762.000E-06,-22.613065E-03,-2.266332E-03
+763.000E-06,-20.100502E-03,+5.020101E-03
+764.000E-06,-22.613065E-03,-3.522613E-03
+765.000E-06,-26.381909E-03,-3.020100E-03
+766.000E-06,-2.512563E-03,+4.266332E-03
+767.000E-06,-40.201005E-03,+5.020101E-03
+768.000E-06,-20.100502E-03,+8.286432E-03
+769.000E-06,-26.381909E-03,-256.281E-06
+770.000E-06,-20.100502E-03,-7.040201E-03
+771.000E-06,-20.100502E-03,-7.040201E-03
+772.000E-06,-56.532663E-03,-14.326633E-03
+773.000E-06,-20.100502E-03,-5.532663E-03
+774.000E-06,-40.201005E-03,+5.020101E-03
+775.000E-06,-40.201005E-03,-3.020100E-03
+776.000E-06,-36.432160E-03,+13.060301E-03
+777.000E-06,-60.301507E-03,+1.000000E-03
+778.000E-06,-22.613065E-03,-256.281E-06
+779.000E-06,-40.201005E-03,-8.296482E-03
+780.000E-06,-40.201005E-03,+4.266332E-03
+781.000E-06,-60.301507E-03,-7.040201E-03
+782.000E-06,-40.201005E-03,-3.522613E-03
+783.000E-06,-40.201005E-03,+2.256281E-03
+784.000E-06,-60.301507E-03,-11.060301E-03
+785.000E-06,-46.482412E-03,-8.296482E-03
+786.000E-06,-42.713567E-03,-10.306532E-03
+787.000E-06,-40.201005E-03,+1.000000E-03
+788.000E-06,-56.532663E-03,+9.040201E-03
+789.000E-06,-32.663316E-03,-256.281E-06
+790.000E-06,-22.613065E-03,-3.522613E-03
+791.000E-06,-46.482412E-03,-15.080402E-03
+792.000E-06,-42.713567E-03,-15.582914E-03
+793.000E-06,-66.582914E-03,-15.080402E-03
+794.000E-06,-40.201005E-03,-4.276382E-03
+795.000E-06,-52.763819E-03,-12.316583E-03
+796.000E-06,-40.201005E-03,-15.080402E-03
+797.000E-06,-66.582914E-03,-12.316583E-03
+798.000E-06,-56.532663E-03,-11.562814E-03
+799.000E-06,-52.763819E-03,-7.040201E-03
+800.000E-06,-62.814070E-03,+497.487E-06
+801.000E-06,-72.864321E-03,-13.572864E-03
+802.000E-06,-40.201005E-03,-19.100502E-03
+803.000E-06,-46.482412E-03,-5.532663E-03
+804.000E-06,-40.201005E-03,-11.562814E-03
+805.000E-06,-52.763819E-03,-15.080402E-03
+806.000E-06,-60.301507E-03,-11.562814E-03
+807.000E-06,-46.482412E-03,-15.080402E-03
+808.000E-06,-56.532663E-03,-19.100502E-03
+809.000E-06,-40.201005E-03,-24.376884E-03
+810.000E-06,-60.301507E-03,-30.407035E-03
+811.000E-06,-46.482412E-03,-17.592965E-03
+812.000E-06,-60.301507E-03,-10.306532E-03
+813.000E-06,-52.763819E-03,-19.100502E-03
+814.000E-06,-42.713567E-03,-15.080402E-03
+815.000E-06,-40.201005E-03,-19.100502E-03
+816.000E-06,-40.201005E-03,-19.603015E-03
+817.000E-06,-26.381909E-03,-16.336683E-03
+818.000E-06,-60.301507E-03,-14.326633E-03
+819.000E-06,-40.201005E-03,-20.356784E-03
+820.000E-06,-40.201005E-03,-22.366834E-03
+821.000E-06,-52.763819E-03,-19.100502E-03
+822.000E-06,-42.713567E-03,-15.582914E-03
+823.000E-06,-46.482412E-03,-28.396985E-03
+824.000E-06,-60.301507E-03,-27.643216E-03
+825.000E-06,-40.201005E-03,-15.080402E-03
+826.000E-06,-40.201005E-03,-15.080402E-03
+827.000E-06,-26.381909E-03,-17.592965E-03
+828.000E-06,-22.613065E-03,-15.080402E-03
+829.000E-06,-40.201005E-03,-13.572864E-03
+830.000E-06,-36.432160E-03,-27.140703E-03
+831.000E-06,-20.100502E-03,-23.120603E-03
+832.000E-06,-40.201005E-03,-11.060301E-03
+833.000E-06,-32.663316E-03,-9.552764E-03
+834.000E-06,-36.432160E-03,-14.326633E-03
+835.000E-06,-32.663316E-03,-20.356784E-03
+836.000E-06,-20.100502E-03,-15.080402E-03
+837.000E-06,-46.482412E-03,-16.336683E-03
+838.000E-06,-40.201005E-03,-7.040201E-03
+839.000E-06,-40.201005E-03,-13.572864E-03
+840.000E-06,-40.201005E-03,-11.060301E-03
+841.000E-06,-26.381909E-03,-8.296482E-03
+842.000E-06,-40.201005E-03,-18.346733E-03
+843.000E-06,-26.381909E-03,-11.060301E-03
+844.000E-06,-56.532663E-03,-2.266332E-03
+845.000E-06,-32.663316E-03,-11.060301E-03
+846.000E-06,-40.201005E-03,-7.040201E-03
+847.000E-06,-32.663316E-03,-15.080402E-03
+848.000E-06,-20.100502E-03,-7.040201E-03
+849.000E-06,-40.201005E-03,-8.296482E-03
+850.000E-06,-20.100502E-03,-23.120603E-03
+851.000E-06,-26.381909E-03,-7.040201E-03
+852.000E-06,-42.713567E-03,-7.040201E-03
+853.000E-06,-32.663316E-03,-8.296482E-03
+854.000E-06,-36.432160E-03,-7.040201E-03
+855.000E-06,-40.201005E-03,-3.020100E-03
+856.000E-06,-60.301507E-03,-6.286432E-03
+857.000E-06,-40.201005E-03,-3.020100E-03
+858.000E-06,-40.201005E-03,+1.000000E-03
+859.000E-06,-40.201005E-03,+2.256281E-03
+860.000E-06,-40.201005E-03,+1.000000E-03
+861.000E-06,-32.663316E-03,+5.020101E-03
+862.000E-06,-40.201005E-03,+2.256281E-03
+863.000E-06,-6.281407E-03,+6.276382E-03
+864.000E-06,-20.100502E-03,-11.060301E-03
+865.000E-06,-52.763819E-03,-7.040201E-03
+866.000E-06,-40.201005E-03,+5.020101E-03
+867.000E-06,-26.381909E-03,-1.512563E-03
+868.000E-06,-20.100502E-03,+5.522613E-03
+869.000E-06,-40.201005E-03,-1.512563E-03
+870.000E-06,-40.201005E-03,-7.040201E-03
+871.000E-06,-32.663316E-03,+5.020101E-03
+872.000E-06,-56.532663E-03,+9.040201E-03
+873.000E-06,-20.100502E-03,-3.020100E-03
+874.000E-06,-22.613065E-03,+5.020101E-03
+875.000E-06,-26.381909E-03,+5.020101E-03
+876.000E-06,-36.432160E-03,+5.020101E-03
+877.000E-06,-40.201005E-03,-3.020100E-03
+878.000E-06,-40.201005E-03,-7.040201E-03
+879.000E-06,-40.201005E-03,-1.512563E-03
+880.000E-06,-40.201005E-03,+1.502513E-03
+881.000E-06,-40.201005E-03,+6.276382E-03
+882.000E-06,-20.100502E-03,+13.562814E-03
+883.000E-06,-20.100502E-03,+7.532663E-03
+884.000E-06,-20.100502E-03,+5.020101E-03
+885.000E-06,-20.100502E-03,+9.040201E-03
+886.000E-06,-40.201005E-03,+1.000000E-03
+887.000E-06,-32.663316E-03,-3.020100E-03
+888.000E-06,-36.432160E-03,-3.020100E-03
+889.000E-06,-26.381909E-03,+13.060301E-03
+890.000E-06,-40.201005E-03,+5.522613E-03
+891.000E-06,-32.663316E-03,+5.020101E-03
+892.000E-06,-22.613065E-03,+9.040201E-03
+893.000E-06,-32.663316E-03,+3.512563E-03
+894.000E-06,-22.613065E-03,+5.020101E-03
+895.000E-06,-40.201005E-03,-7.040201E-03
+896.000E-06,-22.613065E-03,+497.487E-06
+897.000E-06,-40.201005E-03,+7.532663E-03
+898.000E-06,-42.713567E-03,-3.020100E-03
+899.000E-06,-40.201005E-03,-7.040201E-03
+900.000E-06,-22.613065E-03,-7.542713E-03
+901.000E-06,-40.201005E-03,+5.020101E-03
+902.000E-06,-40.201005E-03,-3.020100E-03
+903.000E-06,-40.201005E-03,-9.552764E-03
+904.000E-06,-56.532663E-03,-6.286432E-03
+905.000E-06,-26.381909E-03,-7.040201E-03
+906.000E-06,-36.432160E-03,-13.572864E-03
+907.000E-06,-32.663316E-03,-7.040201E-03
+908.000E-06,-52.763819E-03,-7.040201E-03
+909.000E-06,-32.663316E-03,-256.281E-06
+910.000E-06,-40.201005E-03,+1.000000E-03
+911.000E-06,-26.381909E-03,-7.040201E-03
+912.000E-06,-40.201005E-03,-7.542713E-03
+913.000E-06,-40.201005E-03,+6.276382E-03
+914.000E-06,-40.201005E-03,-2.266332E-03
+915.000E-06,-40.201005E-03,-7.040201E-03
+916.000E-06,-40.201005E-03,-7.040201E-03
+917.000E-06,-46.482412E-03,-5.532663E-03
+918.000E-06,-40.201005E-03,-3.020100E-03
+919.000E-06,-60.301507E-03,-256.281E-06
+920.000E-06,-20.100502E-03,-7.542713E-03
+921.000E-06,-40.201005E-03,-5.532663E-03
+922.000E-06,-40.201005E-03,-6.286432E-03
+923.000E-06,-32.663316E-03,-8.296482E-03
+924.000E-06,-56.532663E-03,-14.326633E-03
+925.000E-06,-60.301507E-03,-23.120603E-03
+926.000E-06,-40.201005E-03,-30.407035E-03
+927.000E-06,-40.201005E-03,-19.100502E-03
+928.000E-06,-42.713567E-03,-7.542713E-03
+929.000E-06,-20.100502E-03,-11.060301E-03
+930.000E-06,-36.432160E-03,-15.080402E-03
+931.000E-06,-40.201005E-03,-24.376884E-03
+932.000E-06,-40.201005E-03,-22.366834E-03
+933.000E-06,-40.201005E-03,-15.080402E-03
+934.000E-06,-52.763819E-03,-15.080402E-03
+935.000E-06,-40.201005E-03,-4.276382E-03
+936.000E-06,-22.613065E-03,-15.080402E-03
+937.000E-06,-52.763819E-03,-9.552764E-03
+938.000E-06,-56.532663E-03,-15.080402E-03
+939.000E-06,-20.100502E-03,-7.040201E-03
+940.000E-06,-40.201005E-03,-7.040201E-03
+941.000E-06,-40.201005E-03,-19.100502E-03
+942.000E-06,-20.100502E-03,-19.100502E-03
+943.000E-06,-26.381909E-03,-23.120603E-03
+944.000E-06,-22.613065E-03,-19.603015E-03
+945.000E-06,-26.381909E-03,-15.080402E-03
+946.000E-06,-40.201005E-03,-22.366834E-03
+947.000E-06,-32.663316E-03,-19.100502E-03
+948.000E-06,-2.512563E-03,-15.080402E-03
+949.000E-06,-20.100502E-03,-8.296482E-03
+950.000E-06,-36.432160E-03,-7.040201E-03
+951.000E-06,-26.381909E-03,-12.316583E-03
+952.000E-06,-36.432160E-03,-11.060301E-03
+953.000E-06,-40.201005E-03,-11.060301E-03
+954.000E-06,-40.201005E-03,-11.060301E-03
+955.000E-06,-40.201005E-03,-12.316583E-03
+956.000E-06,-40.201005E-03,-19.100502E-03
+957.000E-06,-40.201005E-03,-12.316583E-03
+958.000E-06,-20.100502E-03,-7.542713E-03
+959.000E-06,-20.100502E-03,-7.040201E-03
+960.000E-06,-20.100502E-03,-11.060301E-03
+961.000E-06,-12.562814E-03,-9.552764E-03
+962.000E-06,-40.201005E-03,-7.040201E-03
+963.000E-06,-40.201005E-03,-17.592965E-03
+964.000E-06,-36.432160E-03,-14.326633E-03
+965.000E-06,-12.562814E-03,-15.080402E-03
+966.000E-06,-40.201005E-03,-11.562814E-03
+967.000E-06,-32.663316E-03,-12.316583E-03
+968.000E-06,-20.100502E-03,-19.603015E-03
+969.000E-06,-6.281407E-03,-15.080402E-03
+970.000E-06,-16.331658E-03,-15.080402E-03
+971.000E-06,-20.100502E-03,-5.532663E-03
+972.000E-06,-22.613065E-03,-15.582914E-03
+973.000E-06,-20.100502E-03,-19.100502E-03
+974.000E-06,-22.613065E-03,-3.020100E-03
+975.000E-06,-32.663316E-03,+1.000000E-03
+976.000E-06,-40.201005E-03,+9.542714E-03
+977.000E-06,-6.281407E-03,-1.512563E-03
+978.000E-06,-22.613065E-03,-7.542713E-03
+979.000E-06,-20.100502E-03,-5.532663E-03
+980.000E-06,-16.331658E-03,-10.306532E-03
+981.000E-06,+0.0E+00,-15.080402E-03
+982.000E-06,-2.512563E-03,-3.522613E-03
+983.000E-06,-20.100502E-03,+3.512563E-03
+984.000E-06,-36.432160E-03,+4.266332E-03
+985.000E-06,-40.201005E-03,+1.000000E-03
+986.000E-06,-20.100502E-03,+5.522613E-03
+987.000E-06,-40.201005E-03,+5.020101E-03
+988.000E-06,-22.613065E-03,+1.502513E-03
+989.000E-06,-32.663316E-03,+9.040201E-03
+990.000E-06,-22.613065E-03,-7.040201E-03
+991.000E-06,-20.100502E-03,-8.296482E-03
+992.000E-06,-20.100502E-03,-11.060301E-03
+993.000E-06,-20.100502E-03,-13.572864E-03
+994.000E-06,-36.432160E-03,-3.020100E-03
+995.000E-06,-32.663316E-03,-7.040201E-03
+996.000E-06,-2.512563E-03,+497.487E-06
+997.000E-06,-26.381909E-03,+9.040201E-03
+998.000E-06,-22.613065E-03,+9.040201E-03
+999.000E-06,-20.100502E-03,+6.276382E-03
+1.000000E-03,-20.100502E-03,+1.000000E-03
+1.001000E-03,-40.201005E-03,+5.020101E-03
+1.002000E-03,-36.432160E-03,+1.502513E-03
+1.003000E-03,-46.482412E-03,+2.256281E-03
+1.004000E-03,-40.201005E-03,-6.286432E-03
+1.005000E-03,-40.201005E-03,-7.040201E-03
+1.006000E-03,-20.100502E-03,+3.512563E-03
+1.007000E-03,-32.663316E-03,+3.512563E-03
+1.008000E-03,-40.201005E-03,-3.020100E-03
+1.009000E-03,-26.381909E-03,+1.000000E-03
+1.010000E-03,-40.201005E-03,+1.000000E-03
+1.011000E-03,-12.562814E-03,-1.512563E-03
+1.012000E-03,-56.532663E-03,+1.000000E-03
+1.013000E-03,-20.100502E-03,-11.060301E-03
+1.014000E-03,-22.613065E-03,-7.040201E-03
+1.015000E-03,-20.100502E-03,+2.256281E-03
+1.016000E-03,-22.613065E-03,-11.060301E-03
+1.017000E-03,-12.562814E-03,-11.060301E-03
+1.018000E-03,-22.613065E-03,+8.286432E-03
+1.019000E-03,-32.663316E-03,+1.000000E-03
+1.020000E-03,-40.201005E-03,+5.522613E-03
+1.021000E-03,-52.763819E-03,-7.040201E-03
+1.022000E-03,-40.201005E-03,-3.522613E-03
+1.023000E-03,-26.381909E-03,+1.000000E-03
+1.024000E-03,-22.613065E-03,-7.040201E-03
+1.025000E-03,-40.201005E-03,-17.592965E-03
+1.026000E-03,-40.201005E-03,-19.100502E-03
+1.027000E-03,-40.201005E-03,-17.592965E-03
+1.028000E-03,-40.201005E-03,-15.080402E-03
+1.029000E-03,-46.482412E-03,+9.040201E-03
+1.030000E-03,-40.201005E-03,+1.502513E-03
+1.031000E-03,-46.482412E-03,+1.000000E-03
+1.032000E-03,-56.532663E-03,-7.040201E-03
+1.033000E-03,-26.381909E-03,+5.020101E-03
+1.034000E-03,-40.201005E-03,-3.020100E-03
+1.035000E-03,-40.201005E-03,-7.040201E-03
+1.036000E-03,-42.713567E-03,-3.522613E-03
+1.037000E-03,-20.100502E-03,-7.040201E-03
+1.038000E-03,-6.281407E-03,-11.060301E-03
+1.039000E-03,-46.482412E-03,-7.040201E-03
+1.040000E-03,-56.532663E-03,-7.542713E-03
+1.041000E-03,-52.763819E-03,-12.316583E-03
+1.042000E-03,-42.713567E-03,-11.562814E-03
+1.043000E-03,-40.201005E-03,-7.040201E-03
+1.044000E-03,-20.100502E-03,-11.060301E-03
+1.045000E-03,-40.201005E-03,-3.020100E-03
+1.046000E-03,-22.613065E-03,-7.542713E-03
+1.047000E-03,-26.381909E-03,-9.552764E-03
+1.048000E-03,-42.713567E-03,-15.080402E-03
+1.049000E-03,-40.201005E-03,-13.572864E-03
+1.050000E-03,-36.432160E-03,-15.080402E-03
+1.051000E-03,-40.201005E-03,-7.040201E-03
+1.052000E-03,-40.201005E-03,+497.487E-06
+1.053000E-03,-40.201005E-03,+5.020101E-03
+1.054000E-03,-76.633165E-03,+1.000000E-03
+1.055000E-03,-52.763819E-03,-15.080402E-03
+1.056000E-03,-22.613065E-03,-23.120603E-03
+1.057000E-03,-40.201005E-03,-19.100502E-03
+1.058000E-03,-36.432160E-03,-22.366834E-03
+1.059000E-03,-40.201005E-03,-12.316583E-03
+1.060000E-03,-56.532663E-03,-7.542713E-03
+1.061000E-03,-46.482412E-03,-16.336683E-03
+1.062000E-03,-22.613065E-03,-11.060301E-03
+1.063000E-03,-40.201005E-03,-3.020100E-03
+1.064000E-03,-36.432160E-03,-19.100502E-03
+1.065000E-03,-40.201005E-03,-21.613065E-03
+1.066000E-03,-20.100502E-03,-23.120603E-03
+1.067000E-03,-40.201005E-03,-19.100502E-03
+1.068000E-03,-22.613065E-03,-19.603015E-03
+1.069000E-03,-40.201005E-03,-23.120603E-03
+1.070000E-03,-40.201005E-03,-15.582914E-03
+1.071000E-03,-26.381909E-03,-16.336683E-03
+1.072000E-03,-22.613065E-03,+1.000000E-03
+1.073000E-03,-40.201005E-03,+10.296482E-03
+1.074000E-03,-40.201005E-03,-2.266332E-03
+1.075000E-03,-26.381909E-03,-15.080402E-03
+1.076000E-03,-20.100502E-03,-7.040201E-03
+1.077000E-03,-32.663316E-03,-11.060301E-03
+1.078000E-03,-36.432160E-03,-7.040201E-03
+1.079000E-03,-40.201005E-03,-4.276382E-03
+1.080000E-03,-40.201005E-03,-3.020100E-03
+1.081000E-03,-26.381909E-03,-3.020100E-03
+1.082000E-03,-40.201005E-03,+1.000000E-03
+1.083000E-03,-40.201005E-03,-9.552764E-03
+1.084000E-03,-20.100502E-03,-11.060301E-03
+1.085000E-03,-6.281407E-03,-9.552764E-03
+1.086000E-03,-22.613065E-03,-7.542713E-03
+1.087000E-03,-32.663316E-03,+5.020101E-03
+1.088000E-03,-36.432160E-03,-7.040201E-03
+1.089000E-03,-32.663316E-03,-8.296482E-03
+1.090000E-03,-40.201005E-03,-3.020100E-03
+1.091000E-03,-20.100502E-03,-1.512563E-03
+1.092000E-03,-22.613065E-03,-2.266332E-03
+1.093000E-03,-40.201005E-03,-8.296482E-03
+1.094000E-03,-42.713567E-03,-19.603015E-03
+1.095000E-03,-20.100502E-03,-12.316583E-03
+1.096000E-03,-52.763819E-03,-10.306532E-03
+1.097000E-03,-26.381909E-03,-256.281E-06
+1.098000E-03,-40.201005E-03,+5.020101E-03
+1.099000E-03,-40.201005E-03,-7.040201E-03
+1.100000E-03,-40.201005E-03,-7.542713E-03
+1.101000E-03,-32.663316E-03,+9.040201E-03
+1.102000E-03,-60.301507E-03,+1.502513E-03
+1.103000E-03,-60.301507E-03,+5.020101E-03
+1.104000E-03,-40.201005E-03,-3.020100E-03
+1.105000E-03,-40.201005E-03,+2.256281E-03
+1.106000E-03,-40.201005E-03,+4.266332E-03
+1.107000E-03,-26.381909E-03,-1.512563E-03
+1.108000E-03,-36.432160E-03,-3.020100E-03
+1.109000E-03,-26.381909E-03,-5.532663E-03
+1.110000E-03,-20.100502E-03,-7.040201E-03
+1.111000E-03,-32.663316E-03,+6.276382E-03
+1.112000E-03,-20.100502E-03,+5.522613E-03
+1.113000E-03,-26.381909E-03,-4.276382E-03
+1.114000E-03,-40.201005E-03,-7.040201E-03
+1.115000E-03,-40.201005E-03,-3.020100E-03
+1.116000E-03,-20.100502E-03,-3.020100E-03
+1.117000E-03,-26.381909E-03,+11.552764E-03
+1.118000E-03,-40.201005E-03,+1.502513E-03
+1.119000E-03,-26.381909E-03,-5.532663E-03
+1.120000E-03,-36.432160E-03,+4.266332E-03
+1.121000E-03,-32.663316E-03,+5.020101E-03
+1.122000E-03,-22.613065E-03,-3.522613E-03
+1.123000E-03,-40.201005E-03,+7.532663E-03
+1.124000E-03,-40.201005E-03,+4.266332E-03
+1.125000E-03,-40.201005E-03,+9.040201E-03
+1.126000E-03,-40.201005E-03,+5.020101E-03
+1.127000E-03,-46.482412E-03,-7.040201E-03
+1.128000E-03,-42.713567E-03,-6.286432E-03
+1.129000E-03,-20.100502E-03,-5.532663E-03
+1.130000E-03,-20.100502E-03,+497.487E-06
+1.131000E-03,-32.663316E-03,-3.020100E-03
+1.132000E-03,-40.201005E-03,-3.020100E-03
+1.133000E-03,-60.301507E-03,-3.020100E-03
+1.134000E-03,-42.713567E-03,-3.020100E-03
+1.135000E-03,-32.663316E-03,-11.060301E-03
+1.136000E-03,-22.613065E-03,+5.020101E-03
+1.137000E-03,-52.763819E-03,+11.552764E-03
+1.138000E-03,-42.713567E-03,+9.542714E-03
+1.139000E-03,-40.201005E-03,+5.020101E-03
+1.140000E-03,-56.532663E-03,+5.020101E-03
+1.141000E-03,-46.482412E-03,-7.040201E-03
+1.142000E-03,-22.613065E-03,-3.020100E-03
+1.143000E-03,-46.482412E-03,+5.020101E-03
+1.144000E-03,-20.100502E-03,-7.040201E-03
+1.145000E-03,-20.100502E-03,-5.532663E-03
+1.146000E-03,-40.201005E-03,-7.040201E-03
+1.147000E-03,-26.381909E-03,-4.276382E-03
+1.148000E-03,-42.713567E-03,-3.522613E-03
+1.149000E-03,-52.763819E-03,+5.020101E-03
+1.150000E-03,-36.432160E-03,+5.020101E-03
+1.151000E-03,-26.381909E-03,-3.020100E-03
+1.152000E-03,-36.432160E-03,+9.040201E-03
+1.153000E-03,-40.201005E-03,+1.000000E-03
+1.154000E-03,-40.201005E-03,-7.040201E-03
+1.155000E-03,-46.482412E-03,-12.316583E-03
+1.156000E-03,-56.532663E-03,-7.040201E-03
+1.157000E-03,-46.482412E-03,-8.296482E-03
+1.158000E-03,-22.613065E-03,-18.346733E-03
+1.159000E-03,-26.381909E-03,-11.060301E-03
+1.160000E-03,-36.432160E-03,-10.306532E-03
+1.161000E-03,-12.562814E-03,-7.040201E-03
+1.162000E-03,-22.613065E-03,-15.080402E-03
+1.163000E-03,-52.763819E-03,-9.552764E-03
+1.164000E-03,-40.201005E-03,-7.040201E-03
+1.165000E-03,-52.763819E-03,-256.281E-06
+1.166000E-03,-36.432160E-03,+497.487E-06
+1.167000E-03,-32.663316E-03,-1.512563E-03
+1.168000E-03,-42.713567E-03,-7.542713E-03
+1.169000E-03,-32.663316E-03,-3.020100E-03
+1.170000E-03,-36.432160E-03,-3.522613E-03
+1.171000E-03,-40.201005E-03,+3.512563E-03
+1.172000E-03,-36.432160E-03,+5.020101E-03
+1.173000E-03,-52.763819E-03,-4.276382E-03
+1.174000E-03,-40.201005E-03,-19.100502E-03
+1.175000E-03,-26.381909E-03,-20.356784E-03
+1.176000E-03,-40.201005E-03,-18.346733E-03
+1.177000E-03,-40.201005E-03,-11.060301E-03
+1.178000E-03,-40.201005E-03,+1.000000E-03
+1.179000E-03,-32.663316E-03,-7.040201E-03
+1.180000E-03,-20.100502E-03,-11.060301E-03
+1.181000E-03,-32.663316E-03,-15.080402E-03
+1.182000E-03,-40.201005E-03,-11.060301E-03
+1.183000E-03,-40.201005E-03,-256.281E-06
+1.184000E-03,-20.100502E-03,-11.060301E-03
+1.185000E-03,-20.100502E-03,-4.276382E-03
+1.186000E-03,-16.331658E-03,-256.281E-06
+1.187000E-03,-40.201005E-03,-8.296482E-03
+1.188000E-03,-40.201005E-03,-11.060301E-03
+1.189000E-03,-26.381909E-03,-9.552764E-03
+1.190000E-03,-40.201005E-03,-3.020100E-03
+1.191000E-03,-12.562814E-03,-7.040201E-03
+1.192000E-03,-20.100502E-03,-15.080402E-03
+1.193000E-03,-32.663316E-03,-17.592965E-03
+1.194000E-03,-36.432160E-03,-10.306532E-03
+1.195000E-03,-20.100502E-03,-5.532663E-03
+1.196000E-03,-22.613065E-03,-7.040201E-03
+1.197000E-03,-32.663316E-03,-7.040201E-03
+1.198000E-03,-22.613065E-03,-3.522613E-03
+1.199000E-03,-40.201005E-03,-3.020100E-03
+1.200000E-03,-40.201005E-03,-14.326633E-03
+1.201000E-03,-20.100502E-03,-19.100502E-03
+1.202000E-03,-20.100502E-03,-7.542713E-03
+1.203000E-03,-40.201005E-03,-256.281E-06
+1.204000E-03,-20.100502E-03,+3.512563E-03
+1.205000E-03,-26.381909E-03,+9.040201E-03
+1.206000E-03,-2.512563E-03,+1.000000E-03
+1.207000E-03,-20.100502E-03,-1.512563E-03
+1.208000E-03,-22.613065E-03,-14.326633E-03
+1.209000E-03,-40.201005E-03,-17.592965E-03
+1.210000E-03,-40.201005E-03,-11.562814E-03
+1.211000E-03,-12.562814E-03,-3.020100E-03
+1.212000E-03,-22.613065E-03,-2.266332E-03
+1.213000E-03,-26.381909E-03,+1.000000E-03
+1.214000E-03,-20.100502E-03,-6.286432E-03
+1.215000E-03,-32.663316E-03,-11.060301E-03
+1.216000E-03,-20.100502E-03,-15.582914E-03
+1.217000E-03,-20.100502E-03,-12.316583E-03
+1.218000E-03,-40.201005E-03,+497.487E-06
+1.219000E-03,-32.663316E-03,+15.572864E-03
+1.220000E-03,-22.613065E-03,+5.020101E-03
+1.221000E-03,-32.663316E-03,-3.020100E-03
+1.222000E-03,-20.100502E-03,-7.040201E-03
+1.223000E-03,-20.100502E-03,-7.040201E-03
+1.224000E-03,-56.532663E-03,-3.020100E-03
+1.225000E-03,-40.201005E-03,-3.020100E-03
+1.226000E-03,-26.381909E-03,+1.000000E-03
+1.227000E-03,-20.100502E-03,-256.281E-06
+1.228000E-03,-40.201005E-03,-3.020100E-03
+1.229000E-03,-32.663316E-03,-3.020100E-03
+1.230000E-03,-22.613065E-03,+5.020101E-03
+1.231000E-03,-20.100502E-03,-3.020100E-03
+1.232000E-03,-20.100502E-03,-7.040201E-03
+1.233000E-03,-40.201005E-03,+2.256281E-03
+1.234000E-03,-40.201005E-03,+1.502513E-03
+1.235000E-03,-40.201005E-03,+1.000000E-03
+1.236000E-03,-36.432160E-03,-3.020100E-03
+1.237000E-03,-40.201005E-03,-7.040201E-03
+1.238000E-03,-40.201005E-03,-11.060301E-03
+1.239000E-03,-32.663316E-03,-7.040201E-03
+1.240000E-03,-16.331658E-03,+5.020101E-03
+1.241000E-03,-26.381909E-03,+5.020101E-03
+1.242000E-03,-40.201005E-03,+5.020101E-03
+1.243000E-03,-20.100502E-03,-1.512563E-03
+1.244000E-03,-22.613065E-03,+1.000000E-03
+1.245000E-03,-40.201005E-03,+5.020101E-03
+1.246000E-03,-22.613065E-03,-10.306532E-03
+1.247000E-03,-40.201005E-03,-1.512563E-03
+1.248000E-03,-60.301507E-03,-7.542713E-03
+1.249000E-03,-60.301507E-03,-7.040201E-03
+1.250000E-03,-40.201005E-03,-3.522613E-03
+1.251000E-03,-40.201005E-03,+3.512563E-03
+1.252000E-03,-40.201005E-03,-3.020100E-03
+1.253000E-03,-46.482412E-03,-4.276382E-03
+1.254000E-03,-36.432160E-03,-11.060301E-03
+1.255000E-03,-40.201005E-03,-15.080402E-03
+1.256000E-03,-22.613065E-03,-11.060301E-03
+1.257000E-03,-40.201005E-03,-9.552764E-03
+1.258000E-03,-40.201005E-03,-3.020100E-03
+1.259000E-03,-40.201005E-03,+3.512563E-03
+1.260000E-03,-36.432160E-03,-3.020100E-03
+1.261000E-03,-40.201005E-03,-7.040201E-03
+1.262000E-03,-36.432160E-03,-15.080402E-03
+1.263000E-03,-26.381909E-03,-9.552764E-03
+1.264000E-03,-20.100502E-03,-14.326633E-03
+1.265000E-03,-40.201005E-03,-16.336683E-03
+1.266000E-03,-40.201005E-03,-10.306532E-03
+1.267000E-03,-52.763819E-03,-8.296482E-03
+1.268000E-03,-60.301507E-03,-7.040201E-03
+1.269000E-03,-60.301507E-03,-3.020100E-03
+1.270000E-03,-60.301507E-03,-7.040201E-03
+1.271000E-03,-46.482412E-03,-15.080402E-03
+1.272000E-03,-40.201005E-03,-15.080402E-03
+1.273000E-03,-32.663316E-03,-1.512563E-03
+1.274000E-03,-40.201005E-03,+1.000000E-03
+1.275000E-03,-40.201005E-03,-1.512563E-03
+1.276000E-03,-40.201005E-03,-3.020100E-03
+1.277000E-03,-46.482412E-03,+1.000000E-03
+1.278000E-03,-20.100502E-03,-7.040201E-03
+1.279000E-03,-32.663316E-03,-8.296482E-03
+1.280000E-03,-40.201005E-03,-18.346733E-03
+1.281000E-03,-40.201005E-03,-9.552764E-03
+1.282000E-03,-20.100502E-03,+1.502513E-03
+1.283000E-03,-52.763819E-03,-1.512563E-03
+1.284000E-03,-22.613065E-03,-7.040201E-03
+1.285000E-03,-40.201005E-03,-8.296482E-03
+1.286000E-03,-36.432160E-03,-11.060301E-03
+1.287000E-03,-40.201005E-03,-3.020100E-03
+1.288000E-03,-26.381909E-03,-23.120603E-03
+1.289000E-03,-46.482412E-03,-19.100502E-03
+1.290000E-03,-40.201005E-03,-7.542713E-03
+1.291000E-03,-46.482412E-03,-19.100502E-03
+1.292000E-03,-40.201005E-03,-26.386934E-03
+1.293000E-03,-40.201005E-03,-16.336683E-03
+1.294000E-03,-60.301507E-03,-6.286432E-03
+1.295000E-03,-32.663316E-03,-12.316583E-03
+1.296000E-03,-40.201005E-03,-15.582914E-03
+1.297000E-03,-52.763819E-03,-12.316583E-03
+1.298000E-03,-40.201005E-03,-7.542713E-03
+1.299000E-03,-40.201005E-03,-11.060301E-03
+1.300000E-03,-42.713567E-03,-15.080402E-03
+1.301000E-03,-40.201005E-03,-5.532663E-03
+1.302000E-03,-22.613065E-03,-7.040201E-03
+1.303000E-03,-20.100502E-03,-9.552764E-03
+1.304000E-03,-22.613065E-03,-19.100502E-03
+1.305000E-03,-26.381909E-03,-20.356784E-03
+1.306000E-03,-22.613065E-03,-7.040201E-03
+1.307000E-03,-52.763819E-03,-3.020100E-03
+1.308000E-03,-40.201005E-03,-7.040201E-03
+1.309000E-03,-20.100502E-03,-13.572864E-03
+1.310000E-03,-22.613065E-03,-19.603015E-03
+1.311000E-03,-40.201005E-03,+2.256281E-03
+1.312000E-03,-40.201005E-03,-3.020100E-03
+1.313000E-03,-26.381909E-03,-5.532663E-03
+1.314000E-03,-16.331658E-03,-2.266332E-03
+1.315000E-03,-20.100502E-03,-7.040201E-03
+1.316000E-03,-36.432160E-03,-7.542713E-03
+1.317000E-03,-40.201005E-03,-5.532663E-03
+1.318000E-03,-22.613065E-03,-3.020100E-03
+1.319000E-03,-40.201005E-03,-4.276382E-03
+1.320000E-03,-20.100502E-03,-11.060301E-03
+1.321000E-03,-20.100502E-03,-7.040201E-03
+1.322000E-03,-36.432160E-03,-7.542713E-03
+1.323000E-03,-26.381909E-03,-7.040201E-03
+1.324000E-03,-20.100502E-03,-3.020100E-03
+1.325000E-03,-20.100502E-03,-7.040201E-03
+1.326000E-03,-2.512563E-03,-15.080402E-03
+1.327000E-03,-32.663316E-03,-21.613065E-03
+1.328000E-03,-40.201005E-03,-11.060301E-03
+1.329000E-03,-40.201005E-03,-12.316583E-03
+1.330000E-03,-22.613065E-03,-5.532663E-03
+1.331000E-03,-20.100502E-03,-5.532663E-03
+1.332000E-03,-40.201005E-03,-7.040201E-03
+1.333000E-03,-40.201005E-03,-5.532663E-03
+1.334000E-03,-42.713567E-03,-10.306532E-03
+1.335000E-03,-20.100502E-03,+10.296482E-03
+1.336000E-03,-56.532663E-03,-5.532663E-03
+1.337000E-03,-12.562814E-03,-256.281E-06
+1.338000E-03,-22.613065E-03,-7.040201E-03
+1.339000E-03,-20.100502E-03,-3.020100E-03
+1.340000E-03,-40.201005E-03,-2.266332E-03
+1.341000E-03,-20.100502E-03,-4.276382E-03
+1.342000E-03,-36.432160E-03,-3.020100E-03
+1.343000E-03,-26.381909E-03,-17.592965E-03
+1.344000E-03,-22.613065E-03,-11.562814E-03
+1.345000E-03,-40.201005E-03,-17.592965E-03
+1.346000E-03,-36.432160E-03,-10.306532E-03
+1.347000E-03,-40.201005E-03,-3.020100E-03
+1.348000E-03,-40.201005E-03,+13.060301E-03
+1.349000E-03,-40.201005E-03,+17.080402E-03
+1.350000E-03,-40.201005E-03,+12.306533E-03
+1.351000E-03,-26.381909E-03,+7.532663E-03
+1.352000E-03,-40.201005E-03,+497.487E-06
+1.353000E-03,-40.201005E-03,-8.296482E-03
+1.354000E-03,-22.613065E-03,+5.522613E-03
+1.355000E-03,-46.482412E-03,-3.020100E-03
+1.356000E-03,-40.201005E-03,-3.020100E-03
+1.357000E-03,-46.482412E-03,-4.276382E-03
+1.358000E-03,-42.713567E-03,-15.080402E-03
+1.359000E-03,-40.201005E-03,-7.040201E-03
+1.360000E-03,-40.201005E-03,-11.060301E-03
+1.361000E-03,-46.482412E-03,-3.020100E-03
+1.362000E-03,-42.713567E-03,-3.020100E-03
+1.363000E-03,-40.201005E-03,+3.512563E-03
+1.364000E-03,-56.532663E-03,-6.286432E-03
+1.365000E-03,-40.201005E-03,-7.040201E-03
+1.366000E-03,-20.100502E-03,-3.522613E-03
+1.367000E-03,-26.381909E-03,+13.060301E-03
+1.368000E-03,-22.613065E-03,+9.040201E-03
+1.369000E-03,-40.201005E-03,-3.020100E-03
+1.370000E-03,-52.763819E-03,-14.326633E-03
+1.371000E-03,-40.201005E-03,-13.572864E-03
+1.372000E-03,-40.201005E-03,-7.040201E-03
+1.373000E-03,-60.301507E-03,-7.040201E-03
+1.374000E-03,-40.201005E-03,-18.346733E-03
+1.375000E-03,-26.381909E-03,-4.276382E-03
+1.376000E-03,-40.201005E-03,+1.000000E-03
+1.377000E-03,-46.482412E-03,+6.276382E-03
+1.378000E-03,-20.100502E-03,+1.000000E-03
+1.379000E-03,-26.381909E-03,-5.532663E-03
+1.380000E-03,-20.100502E-03,-14.326633E-03
+1.381000E-03,-32.663316E-03,-8.296482E-03
+1.382000E-03,-40.201005E-03,-19.603015E-03
+1.383000E-03,-26.381909E-03,-11.060301E-03
+1.384000E-03,-40.201005E-03,-3.020100E-03
+1.385000E-03,-6.281407E-03,+1.000000E-03
+1.386000E-03,-20.100502E-03,-3.020100E-03
+1.387000E-03,-40.201005E-03,-13.572864E-03
+1.388000E-03,-56.532663E-03,-7.542713E-03
+1.389000E-03,-32.663316E-03,-3.020100E-03
+1.390000E-03,-40.201005E-03,-11.060301E-03
+1.391000E-03,-46.482412E-03,-11.060301E-03
+1.392000E-03,-40.201005E-03,-7.040201E-03
+1.393000E-03,-40.201005E-03,-1.512563E-03
+1.394000E-03,-22.613065E-03,-7.542713E-03
+1.395000E-03,-26.381909E-03,-7.040201E-03
+1.396000E-03,-40.201005E-03,-7.542713E-03
+1.397000E-03,-32.663316E-03,-7.040201E-03
+1.398000E-03,-36.432160E-03,+497.487E-06
+1.399000E-03,-40.201005E-03,-11.060301E-03
+1.400000E-03,-22.613065E-03,-7.542713E-03
+1.401000E-03,-40.201005E-03,-9.552764E-03
+1.402000E-03,-40.201005E-03,-7.542713E-03
+1.403000E-03,-32.663316E-03,-9.552764E-03
+1.404000E-03,-36.432160E-03,-7.040201E-03
+1.405000E-03,-32.663316E-03,-16.336683E-03
+1.406000E-03,-22.613065E-03,-7.542713E-03
+1.407000E-03,-20.100502E-03,-8.296482E-03
+1.408000E-03,-40.201005E-03,-3.020100E-03
+1.409000E-03,-26.381909E-03,-11.060301E-03
+1.410000E-03,-40.201005E-03,-7.040201E-03
+1.411000E-03,-20.100502E-03,-15.080402E-03
+1.412000E-03,-40.201005E-03,-6.286432E-03
+1.413000E-03,-12.562814E-03,-5.532663E-03
+1.414000E-03,-36.432160E-03,+497.487E-06
+1.415000E-03,-26.381909E-03,-1.512563E-03
+1.416000E-03,-36.432160E-03,-3.020100E-03
+1.417000E-03,-32.663316E-03,-7.040201E-03
+1.418000E-03,-20.100502E-03,-7.040201E-03
+1.419000E-03,-32.663316E-03,-7.040201E-03
+1.420000E-03,-20.100502E-03,-19.100502E-03
+1.421000E-03,-32.663316E-03,-21.613065E-03
+1.422000E-03,-56.532663E-03,-10.306532E-03
+1.423000E-03,-32.663316E-03,-7.040201E-03
+1.424000E-03,-40.201005E-03,-3.522613E-03
+1.425000E-03,-32.663316E-03,-9.552764E-03
+1.426000E-03,-36.432160E-03,-11.060301E-03
+1.427000E-03,-40.201005E-03,-19.100502E-03
+1.428000E-03,-20.100502E-03,-15.582914E-03
+1.429000E-03,-32.663316E-03,-9.552764E-03
+1.430000E-03,-36.432160E-03,+4.266332E-03
+1.431000E-03,-40.201005E-03,-7.040201E-03
+1.432000E-03,-20.100502E-03,-7.040201E-03
+1.433000E-03,-26.381909E-03,-3.020100E-03
+1.434000E-03,-22.613065E-03,-3.020100E-03
+1.435000E-03,-20.100502E-03,+11.552764E-03
+1.436000E-03,-20.100502E-03,-3.020100E-03
+1.437000E-03,-12.562814E-03,-11.060301E-03
+1.438000E-03,-20.100502E-03,+1.000000E-03
+1.439000E-03,-40.201005E-03,-3.020100E-03
+1.440000E-03,-40.201005E-03,+1.000000E-03
+1.441000E-03,-20.100502E-03,+1.000000E-03
+1.442000E-03,-40.201005E-03,-3.522613E-03
+1.443000E-03,-46.482412E-03,-7.040201E-03
+1.444000E-03,-22.613065E-03,+9.040201E-03
+1.445000E-03,-40.201005E-03,-4.276382E-03
+1.446000E-03,-20.100502E-03,-4.276382E-03
+1.447000E-03,-40.201005E-03,-20.356784E-03
+1.448000E-03,-40.201005E-03,-15.582914E-03
+1.449000E-03,-40.201005E-03,-20.356784E-03
+1.450000E-03,-20.100502E-03,-11.060301E-03
+1.451000E-03,-20.100502E-03,-5.532663E-03
+1.452000E-03,-40.201005E-03,-7.040201E-03
+1.453000E-03,-26.381909E-03,-17.592965E-03
+1.454000E-03,-42.713567E-03,-11.562814E-03
+1.455000E-03,-46.482412E-03,-15.080402E-03
+1.456000E-03,-20.100502E-03,+5.522613E-03
+1.457000E-03,-26.381909E-03,+5.020101E-03
+1.458000E-03,-22.613065E-03,-3.020100E-03
+1.459000E-03,-20.100502E-03,-7.040201E-03
+1.460000E-03,-40.201005E-03,-3.522613E-03
+1.461000E-03,-40.201005E-03,-4.276382E-03
+1.462000E-03,-36.432160E-03,-3.020100E-03
+1.463000E-03,-32.663316E-03,+3.512563E-03
+1.464000E-03,-22.613065E-03,-11.060301E-03
+1.465000E-03,-26.381909E-03,-7.040201E-03
+1.466000E-03,-40.201005E-03,-7.040201E-03
+1.467000E-03,-26.381909E-03,+2.256281E-03
+1.468000E-03,-40.201005E-03,+8.286432E-03
+1.469000E-03,-52.763819E-03,+1.000000E-03
+1.470000E-03,-36.432160E-03,-14.326633E-03
+1.471000E-03,-40.201005E-03,-256.281E-06
+1.472000E-03,-22.613065E-03,-7.542713E-03
+1.473000E-03,-46.482412E-03,-8.296482E-03
+1.474000E-03,-42.713567E-03,-7.542713E-03
+1.475000E-03,-52.763819E-03,-7.040201E-03
+1.476000E-03,-40.201005E-03,-7.040201E-03
+1.477000E-03,-46.482412E-03,-5.532663E-03
+1.478000E-03,-42.713567E-03,-11.060301E-03
+1.479000E-03,-40.201005E-03,-15.080402E-03
+1.480000E-03,-16.331658E-03,-7.040201E-03
+1.481000E-03,-26.381909E-03,+2.256281E-03
+1.482000E-03,-42.713567E-03,+9.040201E-03
+1.483000E-03,-46.482412E-03,-3.020100E-03
+1.484000E-03,-42.713567E-03,-11.060301E-03
+1.485000E-03,-46.482412E-03,-11.060301E-03
+1.486000E-03,-56.532663E-03,-11.060301E-03
+1.487000E-03,-40.201005E-03,+9.040201E-03
+1.488000E-03,-20.100502E-03,+9.040201E-03
+1.489000E-03,-46.482412E-03,-3.020100E-03
+1.490000E-03,-36.432160E-03,+497.487E-06
+1.491000E-03,-20.100502E-03,-3.020100E-03
+1.492000E-03,-22.613065E-03,-7.040201E-03
+1.493000E-03,-52.763819E-03,-11.060301E-03
+1.494000E-03,-40.201005E-03,-10.306532E-03
+1.495000E-03,-20.100502E-03,-256.281E-06
+1.496000E-03,-40.201005E-03,-2.266332E-03
+1.497000E-03,-20.100502E-03,-11.060301E-03
+1.498000E-03,-40.201005E-03,-3.020100E-03
+1.499000E-03,-26.381909E-03,+2.256281E-03
+1.500000E-03,-40.201005E-03,-7.040201E-03
+1.501000E-03,-32.663316E-03,-7.040201E-03
+1.502000E-03,-40.201005E-03,-6.286432E-03
+1.503000E-03,-32.663316E-03,-7.040201E-03
+1.504000E-03,-36.432160E-03,-3.522613E-03
+1.505000E-03,-40.201005E-03,-11.060301E-03
+1.506000E-03,-40.201005E-03,+1.000000E-03
+1.507000E-03,-20.100502E-03,+5.020101E-03
+1.508000E-03,-56.532663E-03,+1.502513E-03
+1.509000E-03,-20.100502E-03,-16.336683E-03
+1.510000E-03,-22.613065E-03,-11.060301E-03
+1.511000E-03,-40.201005E-03,-7.040201E-03
+1.512000E-03,-40.201005E-03,-7.542713E-03
+1.513000E-03,-40.201005E-03,-13.572864E-03
+1.514000E-03,-36.432160E-03,-3.522613E-03
+1.515000E-03,-26.381909E-03,-256.281E-06
+1.516000E-03,-20.100502E-03,-11.060301E-03
+1.517000E-03,-46.482412E-03,-17.592965E-03
+1.518000E-03,-40.201005E-03,-3.020100E-03
+1.519000E-03,-40.201005E-03,-13.572864E-03
+1.520000E-03,-40.201005E-03,-9.552764E-03
+1.521000E-03,-32.663316E-03,-13.572864E-03
+1.522000E-03,-36.432160E-03,-7.040201E-03
+1.523000E-03,-32.663316E-03,-15.080402E-03
+1.524000E-03,-40.201005E-03,-3.522613E-03
+1.525000E-03,-26.381909E-03,-9.552764E-03
+1.526000E-03,-20.100502E-03,-256.281E-06
+1.527000E-03,-40.201005E-03,-3.020100E-03
+1.528000E-03,-40.201005E-03,-3.020100E-03
+1.529000E-03,-40.201005E-03,-7.040201E-03
+1.530000E-03,-40.201005E-03,-3.522613E-03
+1.531000E-03,-20.100502E-03,-9.552764E-03
+1.532000E-03,-16.331658E-03,-11.060301E-03
+1.533000E-03,-32.663316E-03,-7.040201E-03
+1.534000E-03,-40.201005E-03,-3.020100E-03
+1.535000E-03,-40.201005E-03,-3.020100E-03
+1.536000E-03,-20.100502E-03,-7.040201E-03
+1.537000E-03,-20.100502E-03,-3.020100E-03
+1.538000E-03,-40.201005E-03,-2.266332E-03
+1.539000E-03,-40.201005E-03,-13.572864E-03
+1.540000E-03,-42.713567E-03,-2.266332E-03
+1.541000E-03,-20.100502E-03,-12.316583E-03
+1.542000E-03,+0.0E+00,-7.040201E-03
+1.543000E-03,-40.201005E-03,-9.552764E-03
+1.544000E-03,-42.713567E-03,-3.522613E-03
+1.545000E-03,-40.201005E-03,-3.020100E-03
+1.546000E-03,-40.201005E-03,-19.100502E-03
+1.547000E-03,-32.663316E-03,-9.552764E-03
+1.548000E-03,-40.201005E-03,-14.326633E-03
+1.549000E-03,-26.381909E-03,-15.080402E-03
+1.550000E-03,-20.100502E-03,-7.040201E-03
+1.551000E-03,-40.201005E-03,-15.080402E-03
+1.552000E-03,-20.100502E-03,-15.582914E-03
+1.553000E-03,-40.201005E-03,+1.000000E-03
+1.554000E-03,-36.432160E-03,-7.040201E-03
+1.555000E-03,-40.201005E-03,+10.296482E-03
+1.556000E-03,-40.201005E-03,-3.020100E-03
+1.557000E-03,-32.663316E-03,-3.020100E-03
+1.558000E-03,-40.201005E-03,-18.346733E-03
+1.559000E-03,-26.381909E-03,+5.020101E-03
+1.560000E-03,-22.613065E-03,+497.487E-06
+1.561000E-03,-40.201005E-03,+3.512563E-03
+1.562000E-03,-40.201005E-03,+1.502513E-03
+1.563000E-03,-40.201005E-03,+9.040201E-03
+1.564000E-03,-40.201005E-03,-3.020100E-03
+1.565000E-03,-26.381909E-03,-4.276382E-03
+1.566000E-03,-22.613065E-03,+1.502513E-03
+1.567000E-03,-40.201005E-03,-3.020100E-03
+1.568000E-03,-16.331658E-03,-2.266332E-03
+1.569000E-03,-20.100502E-03,-3.020100E-03
+1.570000E-03,-20.100502E-03,+1.000000E-03
+1.571000E-03,-26.381909E-03,+1.000000E-03
+1.572000E-03,-20.100502E-03,-10.306532E-03
+1.573000E-03,-32.663316E-03,-7.040201E-03
+1.574000E-03,-36.432160E-03,-14.326633E-03
+1.575000E-03,-26.381909E-03,-4.276382E-03
+1.576000E-03,-40.201005E-03,-7.542713E-03
+1.577000E-03,-52.763819E-03,-11.060301E-03
+1.578000E-03,-22.613065E-03,-19.100502E-03
+1.579000E-03,-40.201005E-03,-11.060301E-03
+1.580000E-03,-40.201005E-03,-7.040201E-03
+1.581000E-03,-6.281407E-03,+3.512563E-03
+1.582000E-03,-40.201005E-03,+1.502513E-03
+1.583000E-03,-20.100502E-03,-4.276382E-03
+1.584000E-03,-40.201005E-03,+497.487E-06
+1.585000E-03,-40.201005E-03,+1.000000E-03
+1.586000E-03,-22.613065E-03,+497.487E-06
+1.587000E-03,-32.663316E-03,-5.532663E-03
+1.588000E-03,-22.613065E-03,+5.020101E-03
+1.589000E-03,-32.663316E-03,+7.532663E-03
+1.590000E-03,-20.100502E-03,+1.000000E-03
+1.591000E-03,-20.100502E-03,+1.000000E-03
+1.592000E-03,-20.100502E-03,-5.532663E-03
+1.593000E-03,-40.201005E-03,-9.552764E-03
+1.594000E-03,-22.613065E-03,-11.060301E-03
+1.595000E-03,-40.201005E-03,+1.000000E-03
+1.596000E-03,-40.201005E-03,-10.306532E-03
+1.597000E-03,-32.663316E-03,-7.040201E-03
+1.598000E-03,-36.432160E-03,+497.487E-06
+1.599000E-03,-40.201005E-03,+1.000000E-03
+1.600000E-03,-40.201005E-03,-2.266332E-03
+1.601000E-03,-26.381909E-03,-3.020100E-03
+1.602000E-03,-36.432160E-03,-14.326633E-03
+1.603000E-03,-40.201005E-03,-17.592965E-03
+1.604000E-03,-40.201005E-03,-11.060301E-03
+1.605000E-03,-60.301507E-03,-15.080402E-03
+1.606000E-03,-36.432160E-03,-15.080402E-03
+1.607000E-03,-40.201005E-03,-1.512563E-03
+1.608000E-03,-26.381909E-03,-7.040201E-03
+1.609000E-03,-40.201005E-03,-3.020100E-03
+1.610000E-03,-40.201005E-03,+1.502513E-03
+1.611000E-03,-32.663316E-03,+1.000000E-03
+1.612000E-03,-6.281407E-03,+497.487E-06
+1.613000E-03,-40.201005E-03,-9.552764E-03
+1.614000E-03,-52.763819E-03,-14.326633E-03
+1.615000E-03,-40.201005E-03,-11.060301E-03
+1.616000E-03,-56.532663E-03,-15.080402E-03
+1.617000E-03,-40.201005E-03,-7.040201E-03
+1.618000E-03,-32.663316E-03,-6.286432E-03
+1.619000E-03,-32.663316E-03,-3.020100E-03
+1.620000E-03,-40.201005E-03,-3.020100E-03
+1.621000E-03,-20.100502E-03,-256.281E-06
+1.622000E-03,-60.301507E-03,-3.020100E-03
+1.623000E-03,-40.201005E-03,-5.532663E-03
+1.624000E-03,-20.100502E-03,-12.316583E-03
+1.625000E-03,-26.381909E-03,-7.040201E-03
+1.626000E-03,-40.201005E-03,-7.040201E-03
+1.627000E-03,-32.663316E-03,-5.532663E-03
+1.628000E-03,-40.201005E-03,-3.020100E-03
+1.629000E-03,-20.100502E-03,-4.276382E-03
+1.630000E-03,-40.201005E-03,-7.542713E-03
+1.631000E-03,-32.663316E-03,-7.040201E-03
+1.632000E-03,-40.201005E-03,+1.502513E-03
+1.633000E-03,-26.381909E-03,-3.020100E-03
+1.634000E-03,-22.613065E-03,-6.286432E-03
+1.635000E-03,-26.381909E-03,-5.532663E-03
+1.636000E-03,-40.201005E-03,-10.306532E-03
+1.637000E-03,-26.381909E-03,+1.000000E-03
+1.638000E-03,-22.613065E-03,+497.487E-06
+1.639000E-03,-32.663316E-03,-8.296482E-03
+1.640000E-03,-22.613065E-03,-3.020100E-03
+1.641000E-03,-32.663316E-03,-15.080402E-03
+1.642000E-03,-40.201005E-03,-13.572864E-03
+1.643000E-03,-40.201005E-03,-21.613065E-03
+1.644000E-03,-36.432160E-03,-14.326633E-03
+1.645000E-03,-32.663316E-03,-19.100502E-03
+1.646000E-03,-40.201005E-03,-7.542713E-03
+1.647000E-03,-40.201005E-03,-3.020100E-03
+1.648000E-03,-20.100502E-03,-11.562814E-03
+1.649000E-03,-40.201005E-03,-5.532663E-03
+1.650000E-03,-40.201005E-03,-11.562814E-03
+1.651000E-03,-40.201005E-03,-7.040201E-03
+1.652000E-03,-40.201005E-03,-6.286432E-03
+1.653000E-03,-40.201005E-03,-9.552764E-03
+1.654000E-03,-6.281407E-03,-11.562814E-03
+1.655000E-03,-40.201005E-03,-13.572864E-03
+1.656000E-03,-40.201005E-03,-7.040201E-03
+1.657000E-03,-40.201005E-03,-20.356784E-03
+1.658000E-03,-20.100502E-03,-11.562814E-03
+1.659000E-03,-20.100502E-03,-12.316583E-03
+1.660000E-03,-40.201005E-03,-7.542713E-03
+1.661000E-03,-40.201005E-03,-3.020100E-03
+1.662000E-03,-40.201005E-03,-7.040201E-03
+1.663000E-03,-32.663316E-03,-5.532663E-03
+1.664000E-03,-40.201005E-03,-10.306532E-03
+1.665000E-03,-26.381909E-03,-1.512563E-03
+1.666000E-03,-40.201005E-03,-3.522613E-03
+1.667000E-03,-32.663316E-03,-7.040201E-03
+1.668000E-03,-40.201005E-03,+1.000000E-03
+1.669000E-03,-52.763819E-03,+2.256281E-03
+1.670000E-03,-22.613065E-03,-2.266332E-03
+1.671000E-03,-20.100502E-03,-7.040201E-03
+1.672000E-03,-40.201005E-03,-6.286432E-03
+1.673000E-03,-32.663316E-03,-256.281E-06
+1.674000E-03,-52.763819E-03,+4.266332E-03
+1.675000E-03,-40.201005E-03,-3.020100E-03
+1.676000E-03,-40.201005E-03,+9.040201E-03
+1.677000E-03,-40.201005E-03,+7.532663E-03
+1.678000E-03,-36.432160E-03,-3.522613E-03
+1.679000E-03,-60.301507E-03,-17.592965E-03
+1.680000E-03,-40.201005E-03,-3.020100E-03
+1.681000E-03,-40.201005E-03,-7.040201E-03
+1.682000E-03,-36.432160E-03,-15.080402E-03
+1.683000E-03,-20.100502E-03,-9.552764E-03
+1.684000E-03,-40.201005E-03,-6.286432E-03
+1.685000E-03,-26.381909E-03,-11.060301E-03
+1.686000E-03,-22.613065E-03,-7.542713E-03
+1.687000E-03,-20.100502E-03,+5.020101E-03
+1.688000E-03,-16.331658E-03,+23.613065E-03
+1.689000E-03,-32.663316E-03,+1.000000E-03
+1.690000E-03,-20.100502E-03,+1.000000E-03
+1.691000E-03,-40.201005E-03,+1.000000E-03
+1.692000E-03,-20.100502E-03,-7.040201E-03
+1.693000E-03,-32.663316E-03,-12.316583E-03
+1.694000E-03,-20.100502E-03,-15.080402E-03
+1.695000E-03,-32.663316E-03,-9.552764E-03
+1.696000E-03,-22.613065E-03,+497.487E-06
+1.697000E-03,-46.482412E-03,+1.000000E-03
+1.698000E-03,-22.613065E-03,-3.020100E-03
+1.699000E-03,-46.482412E-03,-4.276382E-03
+1.700000E-03,-40.201005E-03,+1.000000E-03
+1.701000E-03,-20.100502E-03,-7.040201E-03
+1.702000E-03,-20.100502E-03,-19.100502E-03
+1.703000E-03,-26.381909E-03,-3.020100E-03
+1.704000E-03,-42.713567E-03,-3.020100E-03
+1.705000E-03,-26.381909E-03,+5.020101E-03
+1.706000E-03,-36.432160E-03,-3.522613E-03
+1.707000E-03,-40.201005E-03,+7.532663E-03
+1.708000E-03,-36.432160E-03,-3.020100E-03
+1.709000E-03,-40.201005E-03,-16.336683E-03
+1.710000E-03,-40.201005E-03,-3.020100E-03
+1.711000E-03,-40.201005E-03,-3.020100E-03
+1.712000E-03,-22.613065E-03,-3.020100E-03
+1.713000E-03,-40.201005E-03,-11.060301E-03
+1.714000E-03,-22.613065E-03,-3.020100E-03
+1.715000E-03,-60.301507E-03,-4.276382E-03
+1.716000E-03,-20.100502E-03,-7.040201E-03
+1.717000E-03,-40.201005E-03,-13.572864E-03
+1.718000E-03,-20.100502E-03,-15.080402E-03
+1.719000E-03,-26.381909E-03,-7.040201E-03
+1.720000E-03,-22.613065E-03,-11.060301E-03
+1.721000E-03,-46.482412E-03,-12.316583E-03
+1.722000E-03,-40.201005E-03,-8.296482E-03
+1.723000E-03,-40.201005E-03,-20.356784E-03
+1.724000E-03,-20.100502E-03,-18.346733E-03
+1.725000E-03,-40.201005E-03,-3.020100E-03
+1.726000E-03,-42.713567E-03,-11.562814E-03
+1.727000E-03,-40.201005E-03,-20.356784E-03
+1.728000E-03,-20.100502E-03,-7.040201E-03
+1.729000E-03,-32.663316E-03,-9.552764E-03
+1.730000E-03,-40.201005E-03,-11.060301E-03
+1.731000E-03,-32.663316E-03,+1.000000E-03
+1.732000E-03,-40.201005E-03,-3.020100E-03
+1.733000E-03,-40.201005E-03,-7.040201E-03
+1.734000E-03,-40.201005E-03,-6.286432E-03
+1.735000E-03,-46.482412E-03,-9.552764E-03
+1.736000E-03,-40.201005E-03,+1.000000E-03
+1.737000E-03,-40.201005E-03,+3.512563E-03
+1.738000E-03,-22.613065E-03,-11.060301E-03
+1.739000E-03,-40.201005E-03,-16.336683E-03
+1.740000E-03,-72.864321E-03,-19.100502E-03
+1.741000E-03,-26.381909E-03,-15.080402E-03
+1.742000E-03,-20.100502E-03,-15.080402E-03
+1.743000E-03,-32.663316E-03,-3.020100E-03
+1.744000E-03,-52.763819E-03,-3.020100E-03
+1.745000E-03,-32.663316E-03,-256.281E-06
+1.746000E-03,-20.100502E-03,+5.020101E-03
+1.747000E-03,-26.381909E-03,+5.020101E-03
+1.748000E-03,-40.201005E-03,-11.060301E-03
+1.749000E-03,-40.201005E-03,-8.296482E-03
+1.750000E-03,-40.201005E-03,-3.020100E-03
+1.751000E-03,-32.663316E-03,+1.000000E-03
+1.752000E-03,-40.201005E-03,-7.040201E-03
+1.753000E-03,-20.100502E-03,-8.296482E-03
+1.754000E-03,-40.201005E-03,-3.522613E-03
+1.755000E-03,-40.201005E-03,+1.000000E-03
+1.756000E-03,-40.201005E-03,-3.020100E-03
+1.757000E-03,-26.381909E-03,-11.060301E-03
+1.758000E-03,-60.301507E-03,-11.060301E-03
+1.759000E-03,-40.201005E-03,-16.336683E-03
+1.760000E-03,-20.100502E-03,-11.562814E-03
+1.761000E-03,-52.763819E-03,-7.040201E-03
+1.762000E-03,-40.201005E-03,-11.060301E-03
+1.763000E-03,-26.381909E-03,-8.296482E-03
+1.764000E-03,-20.100502E-03,-7.040201E-03
+1.765000E-03,-20.100502E-03,-8.296482E-03
+1.766000E-03,-52.763819E-03,-18.346733E-03
+1.767000E-03,-40.201005E-03,-12.316583E-03
+1.768000E-03,-22.613065E-03,-3.020100E-03
+1.769000E-03,-40.201005E-03,-7.040201E-03
+1.770000E-03,-56.532663E-03,+5.020101E-03
+1.771000E-03,-40.201005E-03,-256.281E-06
+1.772000E-03,-40.201005E-03,-7.040201E-03
+1.773000E-03,-32.663316E-03,-15.080402E-03
+1.774000E-03,-20.100502E-03,-6.286432E-03
+1.775000E-03,-40.201005E-03,-3.020100E-03
+1.776000E-03,-40.201005E-03,-3.020100E-03
+1.777000E-03,-40.201005E-03,+1.000000E-03
+1.778000E-03,-40.201005E-03,-11.562814E-03
+1.779000E-03,-32.663316E-03,-3.020100E-03
+1.780000E-03,-36.432160E-03,-7.040201E-03
+1.781000E-03,-26.381909E-03,-9.552764E-03
+1.782000E-03,-40.201005E-03,-11.060301E-03
+1.783000E-03,-32.663316E-03,-7.040201E-03
+1.784000E-03,-40.201005E-03,-11.060301E-03
+1.785000E-03,-32.663316E-03,+1.000000E-03
+1.786000E-03,-40.201005E-03,-14.326633E-03
+1.787000E-03,-40.201005E-03,-11.060301E-03
+1.788000E-03,-40.201005E-03,-6.286432E-03
+1.789000E-03,-20.100502E-03,-5.532663E-03
+1.790000E-03,-36.432160E-03,+1.502513E-03
+1.791000E-03,-52.763819E-03,+6.276382E-03
+1.792000E-03,-40.201005E-03,-6.286432E-03
+1.793000E-03,-40.201005E-03,-3.020100E-03
+1.794000E-03,-36.432160E-03,-6.286432E-03
+1.795000E-03,-32.663316E-03,-5.532663E-03
+1.796000E-03,-40.201005E-03,-15.080402E-03
+1.797000E-03,-32.663316E-03,-7.040201E-03
+1.798000E-03,-20.100502E-03,-6.286432E-03
+1.799000E-03,-20.100502E-03,-11.060301E-03
+1.800000E-03,-36.432160E-03,-10.306532E-03
+1.801000E-03,-40.201005E-03,-9.552764E-03
+1.802000E-03,-40.201005E-03,-6.286432E-03
+1.803000E-03,-40.201005E-03,-1.512563E-03
+1.804000E-03,-22.613065E-03,-3.020100E-03
+1.805000E-03,-40.201005E-03,-11.060301E-03
+1.806000E-03,-40.201005E-03,+497.487E-06
+1.807000E-03,-46.482412E-03,-256.281E-06
+1.808000E-03,-20.100502E-03,-6.286432E-03
+1.809000E-03,-46.482412E-03,+3.512563E-03
+1.810000E-03,-36.432160E-03,+1.000000E-03
+1.811000E-03,-40.201005E-03,-1.512563E-03
+1.812000E-03,-40.201005E-03,-7.040201E-03
+1.813000E-03,-26.381909E-03,-7.040201E-03
+1.814000E-03,-40.201005E-03,+497.487E-06
+1.815000E-03,-40.201005E-03,-256.281E-06
+1.816000E-03,-42.713567E-03,-3.020100E-03
+1.817000E-03,-40.201005E-03,-7.040201E-03
+1.818000E-03,-40.201005E-03,+497.487E-06
+1.819000E-03,-26.381909E-03,-7.040201E-03
+1.820000E-03,-32.663316E-03,+1.000000E-03
+1.821000E-03,-40.201005E-03,+1.000000E-03
+1.822000E-03,-42.713567E-03,+497.487E-06
+1.823000E-03,-40.201005E-03,-256.281E-06
+1.824000E-03,-22.613065E-03,+1.000000E-03
+1.825000E-03,-40.201005E-03,-11.060301E-03
+1.826000E-03,-36.432160E-03,+1.000000E-03
+1.827000E-03,-40.201005E-03,+7.532663E-03
+1.828000E-03,-36.432160E-03,-2.266332E-03
+1.829000E-03,-20.100502E-03,-5.532663E-03
+1.830000E-03,-22.613065E-03,+497.487E-06
+1.831000E-03,-26.381909E-03,+5.020101E-03
+1.832000E-03,-36.432160E-03,+5.020101E-03
+1.833000E-03,-12.562814E-03,+5.020101E-03
+1.834000E-03,-22.613065E-03,-23.120603E-03
+1.835000E-03,-12.562814E-03,-13.572864E-03
+1.836000E-03,-20.100502E-03,-11.060301E-03
+1.837000E-03,-32.663316E-03,-12.316583E-03
+1.838000E-03,-40.201005E-03,+497.487E-06
+1.839000E-03,-40.201005E-03,+1.000000E-03
+1.840000E-03,-42.713567E-03,+9.040201E-03
+1.841000E-03,-40.201005E-03,-3.020100E-03
+1.842000E-03,-40.201005E-03,+1.502513E-03
+1.843000E-03,-40.201005E-03,+3.512563E-03
+1.844000E-03,-22.613065E-03,-7.542713E-03
+1.845000E-03,-40.201005E-03,-8.296482E-03
+1.846000E-03,-20.100502E-03,+13.060301E-03
+1.847000E-03,-40.201005E-03,+3.512563E-03
+1.848000E-03,-40.201005E-03,-10.306532E-03
+1.849000E-03,-40.201005E-03,-12.316583E-03
+1.850000E-03,-20.100502E-03,-15.080402E-03
+1.851000E-03,-40.201005E-03,+3.512563E-03
+1.852000E-03,-22.613065E-03,-3.020100E-03
+1.853000E-03,-32.663316E-03,-7.040201E-03
+1.854000E-03,-56.532663E-03,+1.502513E-03
+1.855000E-03,-46.482412E-03,-16.336683E-03
+1.856000E-03,-40.201005E-03,-11.060301E-03
+1.857000E-03,-40.201005E-03,-7.040201E-03
+1.858000E-03,-42.713567E-03,+497.487E-06
+1.859000E-03,-32.663316E-03,+1.000000E-03
+1.860000E-03,-36.432160E-03,+1.000000E-03
+1.861000E-03,-32.663316E-03,-17.592965E-03
+1.862000E-03,-20.100502E-03,-15.582914E-03
+1.863000E-03,-52.763819E-03,-17.592965E-03
+1.864000E-03,-40.201005E-03,-14.326633E-03
+1.865000E-03,-26.381909E-03,-11.060301E-03
+1.866000E-03,-40.201005E-03,-10.306532E-03
+1.867000E-03,-26.381909E-03,-11.060301E-03
+1.868000E-03,-36.432160E-03,-10.306532E-03
+1.869000E-03,-32.663316E-03,-11.060301E-03
+1.870000E-03,-52.763819E-03,-10.306532E-03
+1.871000E-03,-40.201005E-03,-4.276382E-03
+1.872000E-03,-56.532663E-03,+497.487E-06
+1.873000E-03,-32.663316E-03,-7.040201E-03
+1.874000E-03,-40.201005E-03,-3.020100E-03
+1.875000E-03,-52.763819E-03,-7.040201E-03
+1.876000E-03,-36.432160E-03,-6.286432E-03
+1.877000E-03,-26.381909E-03,-1.512563E-03
+1.878000E-03,-40.201005E-03,-11.060301E-03
+1.879000E-03,-52.763819E-03,-21.613065E-03
+1.880000E-03,-36.432160E-03,-11.562814E-03
+1.881000E-03,-32.663316E-03,-11.060301E-03
+1.882000E-03,-40.201005E-03,-3.020100E-03
+1.883000E-03,-32.663316E-03,-1.512563E-03
+1.884000E-03,-22.613065E-03,-3.020100E-03
+1.885000E-03,-40.201005E-03,-4.276382E-03
+1.886000E-03,-40.201005E-03,-1.512563E-03
+1.887000E-03,-40.201005E-03,+3.512563E-03
+1.888000E-03,-56.532663E-03,-6.286432E-03
+1.889000E-03,-40.201005E-03,-4.276382E-03
+1.890000E-03,-22.613065E-03,-10.306532E-03
+1.891000E-03,-40.201005E-03,-19.100502E-03
+1.892000E-03,-16.331658E-03,-15.582914E-03
+1.893000E-03,-26.381909E-03,-13.572864E-03
+1.894000E-03,-40.201005E-03,-3.020100E-03
+1.895000E-03,-32.663316E-03,-11.060301E-03
+1.896000E-03,-40.201005E-03,+12.306533E-03
+1.897000E-03,-40.201005E-03,+1.000000E-03
+1.898000E-03,-36.432160E-03,-3.020100E-03
+1.899000E-03,-18.844221E-03,+1.000000E-03
+1.900000E-03,-20.100502E-03,-2.266332E-03
+1.901000E-03,+0.0E+00,-15.080402E-03
+1.902000E-03,-36.432160E-03,-10.306532E-03
+1.903000E-03,-40.201005E-03,-7.040201E-03
+1.904000E-03,-20.100502E-03,-7.040201E-03
+1.905000E-03,-46.482412E-03,-9.552764E-03
+1.906000E-03,-42.713567E-03,-2.266332E-03
+1.907000E-03,-26.381909E-03,-7.040201E-03
+1.908000E-03,-56.532663E-03,-3.020100E-03
+1.909000E-03,-46.482412E-03,-9.552764E-03
+1.910000E-03,-36.432160E-03,+497.487E-06
+1.911000E-03,-20.100502E-03,-256.281E-06
+1.912000E-03,-22.613065E-03,+1.000000E-03
+1.913000E-03,-40.201005E-03,-7.040201E-03
+1.914000E-03,-22.613065E-03,-11.060301E-03
+1.915000E-03,-26.381909E-03,-8.296482E-03
+1.916000E-03,-36.432160E-03,-11.562814E-03
+1.917000E-03,-32.663316E-03,-5.532663E-03
+1.918000E-03,-40.201005E-03,-3.020100E-03
+1.919000E-03,-18.844221E-03,-7.040201E-03
+1.920000E-03,-2.512563E-03,-3.522613E-03
+1.921000E-03,-26.381909E-03,-1.512563E-03
+1.922000E-03,-40.201005E-03,-3.020100E-03
+1.923000E-03,-20.100502E-03,+1.000000E-03
+1.924000E-03,-22.613065E-03,+1.000000E-03
+1.925000E-03,-26.381909E-03,-3.020100E-03
+1.926000E-03,-40.201005E-03,+1.000000E-03
+1.927000E-03,-20.100502E-03,+5.020101E-03
+1.928000E-03,-40.201005E-03,+497.487E-06
+1.929000E-03,-26.381909E-03,-7.040201E-03
+1.930000E-03,-40.201005E-03,-3.522613E-03
+1.931000E-03,-40.201005E-03,-3.020100E-03
+1.932000E-03,-36.432160E-03,-7.040201E-03
+1.933000E-03,-40.201005E-03,-7.040201E-03
+1.934000E-03,-20.100502E-03,+497.487E-06
+1.935000E-03,-40.201005E-03,-7.040201E-03
+1.936000E-03,-42.713567E-03,-10.306532E-03
+1.937000E-03,-32.663316E-03,-11.060301E-03
+1.938000E-03,-20.100502E-03,+497.487E-06
+1.939000E-03,-26.381909E-03,-12.316583E-03
+1.940000E-03,-2.512563E-03,-14.326633E-03
+1.941000E-03,-40.201005E-03,-11.060301E-03
+1.942000E-03,-36.432160E-03,-3.020100E-03
+1.943000E-03,-20.100502E-03,-1.512563E-03
+1.944000E-03,-40.201005E-03,+1.502513E-03
+1.945000E-03,-40.201005E-03,-256.281E-06
+1.946000E-03,-40.201005E-03,-7.542713E-03
+1.947000E-03,-40.201005E-03,-9.552764E-03
+1.948000E-03,-22.613065E-03,-11.060301E-03
+1.949000E-03,-20.100502E-03,-15.080402E-03
+1.950000E-03,-22.613065E-03,-3.020100E-03
+1.951000E-03,-40.201005E-03,+1.000000E-03
+1.952000E-03,-36.432160E-03,-6.286432E-03
+1.953000E-03,-40.201005E-03,-11.060301E-03
+1.954000E-03,-16.331658E-03,-2.266332E-03
+1.955000E-03,-46.482412E-03,+1.000000E-03
+1.956000E-03,-36.432160E-03,-3.522613E-03
+1.957000E-03,-46.482412E-03,-7.040201E-03
+1.958000E-03,-6.281407E-03,-3.020100E-03
+1.959000E-03,-26.381909E-03,-5.532663E-03
+1.960000E-03,-20.100502E-03,-3.020100E-03
+1.961000E-03,-26.381909E-03,-3.020100E-03
+1.962000E-03,-36.432160E-03,-11.060301E-03
+1.963000E-03,-40.201005E-03,-5.532663E-03
+1.964000E-03,-36.432160E-03,-7.040201E-03
+1.965000E-03,-20.100502E-03,-17.592965E-03
+1.966000E-03,-42.713567E-03,-3.020100E-03
+1.967000E-03,-52.763819E-03,-17.592965E-03
+1.968000E-03,-20.100502E-03,-10.306532E-03
+1.969000E-03,-26.381909E-03,-15.080402E-03
+1.970000E-03,-40.201005E-03,-3.522613E-03
+1.971000E-03,-32.663316E-03,-256.281E-06
+1.972000E-03,-20.100502E-03,+9.040201E-03
+1.973000E-03,-40.201005E-03,+1.000000E-03
+1.974000E-03,-22.613065E-03,+9.040201E-03
+1.975000E-03,-46.482412E-03,+10.296482E-03
+1.976000E-03,-36.432160E-03,-15.080402E-03
+1.977000E-03,-40.201005E-03,-11.060301E-03
+1.978000E-03,-56.532663E-03,-6.286432E-03
+1.979000E-03,-20.100502E-03,-8.296482E-03
+1.980000E-03,-22.613065E-03,+4.266332E-03
+1.981000E-03,-46.482412E-03,-3.020100E-03
+1.982000E-03,-40.201005E-03,-14.326633E-03
+1.983000E-03,-20.100502E-03,-15.080402E-03
+1.984000E-03,-56.532663E-03,-15.080402E-03
+1.985000E-03,-26.381909E-03,-16.336683E-03
+1.986000E-03,-36.432160E-03,-10.306532E-03
+1.987000E-03,-26.381909E-03,-256.281E-06
+1.988000E-03,-40.201005E-03,+1.000000E-03
+1.989000E-03,-52.763819E-03,+1.000000E-03
+1.990000E-03,-40.201005E-03,-15.080402E-03
+1.991000E-03,-46.482412E-03,-3.020100E-03
+1.992000E-03,-22.613065E-03,-6.286432E-03
+1.993000E-03,-40.201005E-03,-12.316583E-03
+1.994000E-03,-20.100502E-03,-7.040201E-03
+1.995000E-03,-40.201005E-03,-7.040201E-03
+1.996000E-03,-40.201005E-03,-11.562814E-03
+1.997000E-03,-20.100502E-03,-3.020100E-03
+1.998000E-03,-40.201005E-03,-3.020100E-03
+1.999000E-03,-52.763819E-03,-11.060301E-03
+2.000000E-03,-52.763819E-03,-3.020100E-03
+2.001000E-03,-46.482412E-03,-13.572864E-03
+2.002000E-03,-20.100502E-03,-7.040201E-03
+2.003000E-03,-20.100502E-03,-256.281E-06
+2.004000E-03,-36.432160E-03,-6.286432E-03
+2.005000E-03,-32.663316E-03,-11.060301E-03
+2.006000E-03,-22.613065E-03,-7.542713E-03
+2.007000E-03,-32.663316E-03,-1.512563E-03
+2.008000E-03,-36.432160E-03,-7.542713E-03
+2.009000E-03,-20.100502E-03,-3.020100E-03
+2.010000E-03,-36.432160E-03,-3.020100E-03
+2.011000E-03,-40.201005E-03,-1.512563E-03
+2.012000E-03,-20.100502E-03,+1.502513E-03
+2.013000E-03,-40.201005E-03,+1.000000E-03
+2.014000E-03,-36.432160E-03,-3.020100E-03
+2.015000E-03,-52.763819E-03,-21.613065E-03
+2.016000E-03,-40.201005E-03,-10.306532E-03
+2.017000E-03,-12.562814E-03,-13.572864E-03
+2.018000E-03,-2.512563E-03,-3.020100E-03
+2.019000E-03,-26.381909E-03,-7.040201E-03
+2.020000E-03,-22.613065E-03,-15.080402E-03
+2.021000E-03,-52.763819E-03,-11.060301E-03
+2.022000E-03,-40.201005E-03,-7.040201E-03
+2.023000E-03,-32.663316E-03,+11.552764E-03
+2.024000E-03,-52.763819E-03,+1.000000E-03
+2.025000E-03,-40.201005E-03,-3.020100E-03
+2.026000E-03,-56.532663E-03,-3.522613E-03
+2.027000E-03,-40.201005E-03,-3.020100E-03
+2.028000E-03,-40.201005E-03,+5.020101E-03
+2.029000E-03,-12.562814E-03,-7.040201E-03
+2.030000E-03,-2.512563E-03,+497.487E-06
+2.031000E-03,-6.281407E-03,-4.276382E-03
+2.032000E-03,-40.201005E-03,-7.040201E-03
+2.033000E-03,-40.201005E-03,-19.100502E-03
+2.034000E-03,-22.613065E-03,-15.080402E-03
+2.035000E-03,-52.763819E-03,-7.040201E-03
+2.036000E-03,-36.432160E-03,-10.306532E-03
+2.037000E-03,-40.201005E-03,-3.020100E-03
+2.038000E-03,-40.201005E-03,-7.040201E-03
+2.039000E-03,-20.100502E-03,-1.512563E-03
+2.040000E-03,-40.201005E-03,+4.266332E-03
+2.041000E-03,-40.201005E-03,+1.000000E-03
+2.042000E-03,-22.613065E-03,-19.603015E-03
+2.043000E-03,-20.100502E-03,-8.296482E-03
+2.044000E-03,-36.432160E-03,-3.522613E-03
+2.045000E-03,-46.482412E-03,-21.613065E-03
+2.046000E-03,-20.100502E-03,-7.040201E-03
+2.047000E-03,-40.201005E-03,-5.532663E-03
+2.048000E-03,-22.613065E-03,-3.522613E-03
+2.049000E-03,-20.100502E-03,-3.020100E-03
+2.050000E-03,-20.100502E-03,+2.256281E-03
+2.051000E-03,-40.201005E-03,+2.256281E-03
+2.052000E-03,-16.331658E-03,-2.266332E-03
+2.053000E-03,-32.663316E-03,+2.256281E-03
+2.054000E-03,-52.763819E-03,+5.522613E-03
+2.055000E-03,+0.0E+00,+11.552764E-03
+2.056000E-03,-20.100502E-03,-6.286432E-03
+2.057000E-03,-20.100502E-03,-1.512563E-03
+2.058000E-03,-32.663316E-03,-2.266332E-03
+2.059000E-03,-32.663316E-03,-5.532663E-03
+2.060000E-03,-40.201005E-03,+497.487E-06
+2.061000E-03,-26.381909E-03,-8.296482E-03
+2.062000E-03,-22.613065E-03,-7.542713E-03
+2.063000E-03,-40.201005E-03,-3.020100E-03
+2.064000E-03,-56.532663E-03,+8.286432E-03
+2.065000E-03,-40.201005E-03,-7.040201E-03
+2.066000E-03,-20.100502E-03,-11.060301E-03
+2.067000E-03,-32.663316E-03,-3.020100E-03
+2.068000E-03,-56.532663E-03,-2.266332E-03
+2.069000E-03,-32.663316E-03,+5.020101E-03
+2.070000E-03,-22.613065E-03,+5.020101E-03
+2.071000E-03,-40.201005E-03,+6.276382E-03
+2.072000E-03,-20.100502E-03,+16.326633E-03
+2.073000E-03,-26.381909E-03,-1.512563E-03
+2.074000E-03,-32.663316E-03,-7.040201E-03
+2.075000E-03,-20.100502E-03,-16.336683E-03
+2.076000E-03,-52.763819E-03,-11.060301E-03
+2.077000E-03,-40.201005E-03,-15.080402E-03
+2.078000E-03,-56.532663E-03,-7.040201E-03
+2.079000E-03,-20.100502E-03,-5.532663E-03
+2.080000E-03,-40.201005E-03,-11.060301E-03
+2.081000E-03,-26.381909E-03,-11.060301E-03
+2.082000E-03,-22.613065E-03,-15.080402E-03
+2.083000E-03,-20.100502E-03,-12.316583E-03
+2.084000E-03,-22.613065E-03,-11.060301E-03
+2.085000E-03,-20.100502E-03,-4.276382E-03
+2.086000E-03,-40.201005E-03,-3.020100E-03
+2.087000E-03,-20.100502E-03,-5.532663E-03
+2.088000E-03,-40.201005E-03,-10.306532E-03
+2.089000E-03,-40.201005E-03,-11.060301E-03
+2.090000E-03,-40.201005E-03,-15.080402E-03
+2.091000E-03,-20.100502E-03,-9.552764E-03
+2.092000E-03,-42.713567E-03,-6.286432E-03
+2.093000E-03,-40.201005E-03,-7.040201E-03
+2.094000E-03,-40.201005E-03,-14.326633E-03
+2.095000E-03,-46.482412E-03,-13.572864E-03
+2.096000E-03,-22.613065E-03,+1.000000E-03
+2.097000E-03,-52.763819E-03,-11.060301E-03
+2.098000E-03,-40.201005E-03,-15.080402E-03
+2.099000E-03,-20.100502E-03,+9.040201E-03
+2.100000E-03,-20.100502E-03,-3.020100E-03
+2.101000E-03,-32.663316E-03,-256.281E-06
+2.102000E-03,-40.201005E-03,-3.020100E-03
+2.103000E-03,-52.763819E-03,-8.296482E-03
+2.104000E-03,-40.201005E-03,+1.502513E-03
+2.105000E-03,-32.663316E-03,+1.000000E-03
+2.106000E-03,-40.201005E-03,-7.040201E-03
+2.107000E-03,-26.381909E-03,-5.532663E-03
+2.108000E-03,-22.613065E-03,-7.040201E-03
+2.109000E-03,-46.482412E-03,-7.040201E-03
+2.110000E-03,-40.201005E-03,-3.522613E-03
+2.111000E-03,-32.663316E-03,-4.276382E-03
+2.112000E-03,-22.613065E-03,-10.306532E-03
+2.113000E-03,-40.201005E-03,-1.512563E-03
+2.114000E-03,-42.713567E-03,+4.266332E-03
+2.115000E-03,-40.201005E-03,+7.532663E-03
+2.116000E-03,-36.432160E-03,+1.000000E-03
+2.117000E-03,-26.381909E-03,-256.281E-06
+2.118000E-03,-20.100502E-03,-14.326633E-03
+2.119000E-03,-6.281407E-03,-16.336683E-03
+2.120000E-03,-20.100502E-03,-11.060301E-03
+2.121000E-03,-26.381909E-03,-19.100502E-03
+2.122000E-03,-22.613065E-03,-19.100502E-03
+2.123000E-03,-26.381909E-03,-20.356784E-03
+2.124000E-03,-56.532663E-03,-7.542713E-03
+2.125000E-03,-26.381909E-03,-3.020100E-03
+2.126000E-03,-40.201005E-03,+9.040201E-03
+2.127000E-03,-40.201005E-03,+3.512563E-03
+2.128000E-03,-22.613065E-03,+8.286432E-03
+2.129000E-03,-52.763819E-03,-4.276382E-03
+2.130000E-03,-42.713567E-03,-3.020100E-03
+2.131000E-03,-40.201005E-03,-3.020100E-03
+2.132000E-03,-40.201005E-03,+1.000000E-03
+2.133000E-03,-26.381909E-03,-4.276382E-03
+2.134000E-03,-20.100502E-03,-7.542713E-03
+2.135000E-03,-32.663316E-03,-4.276382E-03
+2.136000E-03,-20.100502E-03,-11.060301E-03
+2.137000E-03,-32.663316E-03,+5.020101E-03
+2.138000E-03,-56.532663E-03,+1.502513E-03
+2.139000E-03,-40.201005E-03,-5.532663E-03
+2.140000E-03,-20.100502E-03,-11.060301E-03
+2.141000E-03,-40.201005E-03,-4.276382E-03
+2.142000E-03,-42.713567E-03,-19.100502E-03
+2.143000E-03,-40.201005E-03,-11.060301E-03
+2.144000E-03,-20.100502E-03,-7.040201E-03
+2.145000E-03,-12.562814E-03,-11.060301E-03
+2.146000E-03,-20.100502E-03,-10.306532E-03
+2.147000E-03,-40.201005E-03,-5.532663E-03
+2.148000E-03,-56.532663E-03,+1.502513E-03
+2.149000E-03,-52.763819E-03,+1.000000E-03
+2.150000E-03,-40.201005E-03,+497.487E-06
+2.151000E-03,-26.381909E-03,+11.552764E-03
+2.152000E-03,-40.201005E-03,+1.502513E-03
+2.153000E-03,-20.100502E-03,-3.020100E-03
+2.154000E-03,-36.432160E-03,+497.487E-06
+2.155000E-03,-40.201005E-03,-8.296482E-03
+2.156000E-03,-20.100502E-03,-7.040201E-03
+2.157000E-03,-32.663316E-03,-15.080402E-03
+2.158000E-03,-2.512563E-03,-11.562814E-03
+2.159000E-03,-12.562814E-03,-7.040201E-03
+2.160000E-03,-40.201005E-03,-3.020100E-03
+2.161000E-03,-40.201005E-03,+1.000000E-03
+2.162000E-03,-56.532663E-03,-3.020100E-03
+2.163000E-03,-20.100502E-03,+3.512563E-03
+2.164000E-03,-36.432160E-03,+5.020101E-03
+2.165000E-03,-52.763819E-03,-3.020100E-03
+2.166000E-03,-40.201005E-03,+1.502513E-03
+2.167000E-03,-40.201005E-03,-1.512563E-03
+2.168000E-03,-22.613065E-03,-7.040201E-03
+2.169000E-03,-40.201005E-03,-3.020100E-03
+2.170000E-03,-42.713567E-03,-11.060301E-03
+2.171000E-03,-26.381909E-03,+1.000000E-03
+2.172000E-03,-40.201005E-03,+12.306533E-03
+2.173000E-03,-32.663316E-03,-7.040201E-03
+2.174000E-03,-40.201005E-03,-10.306532E-03
+2.175000E-03,-20.100502E-03,-24.376884E-03
+2.176000E-03,-40.201005E-03,-15.080402E-03
+2.177000E-03,-32.663316E-03,-3.020100E-03
+2.178000E-03,-56.532663E-03,+1.000000E-03
+2.179000E-03,-52.763819E-03,+7.532663E-03
+2.180000E-03,-52.763819E-03,-3.020100E-03
+2.181000E-03,-20.100502E-03,-3.020100E-03
+2.182000E-03,-52.763819E-03,-3.020100E-03
+2.183000E-03,-20.100502E-03,-5.532663E-03
+2.184000E-03,-20.100502E-03,-3.020100E-03
+2.185000E-03,-26.381909E-03,-3.020100E-03
+2.186000E-03,-52.763819E-03,-7.040201E-03
+2.187000E-03,-6.281407E-03,-7.040201E-03
+2.188000E-03,-20.100502E-03,-7.542713E-03
+2.189000E-03,-40.201005E-03,+9.040201E-03
+2.190000E-03,-40.201005E-03,+1.000000E-03
+2.191000E-03,-40.201005E-03,-11.060301E-03
+2.192000E-03,-20.100502E-03,+3.512563E-03
+2.193000E-03,-20.100502E-03,-3.020100E-03
+2.194000E-03,-20.100502E-03,+4.266332E-03
+2.195000E-03,-20.100502E-03,-7.040201E-03
+2.196000E-03,-40.201005E-03,-3.020100E-03
+2.197000E-03,-40.201005E-03,-19.100502E-03
+2.198000E-03,-40.201005E-03,-3.020100E-03
+2.199000E-03,-26.381909E-03,-256.281E-06
+2.200000E-03,-22.613065E-03,-3.020100E-03
+2.201000E-03,-26.381909E-03,-5.532663E-03
+2.202000E-03,-20.100502E-03,-7.040201E-03
+2.203000E-03,-40.201005E-03,-7.040201E-03
+2.204000E-03,-2.512563E-03,-14.326633E-03
+2.205000E-03,-52.763819E-03,+1.000000E-03
+2.206000E-03,-40.201005E-03,+5.020101E-03
+2.207000E-03,-52.763819E-03,+7.532663E-03
+2.208000E-03,-42.713567E-03,+9.040201E-03
+2.209000E-03,-40.201005E-03,+5.020101E-03
+2.210000E-03,-40.201005E-03,-3.020100E-03
+2.211000E-03,-40.201005E-03,-13.572864E-03
+2.212000E-03,-40.201005E-03,-11.060301E-03
+2.213000E-03,-40.201005E-03,-7.040201E-03
+2.214000E-03,-22.613065E-03,-11.060301E-03
+2.215000E-03,-40.201005E-03,-5.532663E-03
+2.216000E-03,-56.532663E-03,-10.306532E-03
+2.217000E-03,-52.763819E-03,-5.532663E-03
+2.218000E-03,-40.201005E-03,+1.000000E-03